Category,CategoryID,GO,Description,PARENT_GO,LogP,Enrichment,Z-score,#TotalGeneInLibrary,#GeneInGO,#GeneInHitList,#GeneInGOAndHitList,%InGO,STDV %InGO,GeneID,Hits,Log(q-value),GeneList
KEGG Pathway,24,mmu04721,Synaptic vesicle cycle - Mus musculus (house mouse),,-12,41,19,21160,77,60,9,15,4.6,11771|11772|11964|18195|20614|20910|22348|72961|108664,Ap2a1|Ap2a2|Atp6v1a|Nsf|Snap25|Stxbp1|Slc32a1|Slc17a7|Atp6v1h,-7.8,MyList
GO Biological Processes,19,GO:0048858,cell projection morphogenesis,19_GO:0032502 developmental process,-10,9.2,11,21160,575,60,15,25,5.6,12322|12323|12799|13385|14251|14432|17754|18163|20614|20910|21960|22152|65254|234267|235072,Camk2a|Camk2b|Cnp|Dlg4|Flot1|Gap43|Map1a|Ctnnd2|Snap25|Stxbp1|Tnr|Tubb3|Dpysl5|Gpm6a|Septin7,-6.5,MyList
GO Biological Processes,19,GO:0099504,synaptic vesicle cycle,19_GO:0051179 localization,-10,21,14,21160,171,60,10,17,4.8,11771|11772|11964|19349|20614|20910|22348|72961|104015|108664,Ap2a1|Ap2a2|Atp6v1a|Rab7|Snap25|Stxbp1|Slc32a1|Slc17a7|Synj1|Atp6v1h,-6.5,MyList
Reactome Gene Sets,6,R-MMU-399719,Trafficking of AMPA receptors,,-9.9,78,21,21160,27,60,6,10,3.9,11771|11772|12322|12323|13385|18195,Ap2a1|Ap2a2|Camk2a|Camk2b|Dlg4|Nsf,-6.4,MyList
Reactome Gene Sets,6,R-MMU-399721,"Glutamate binding, activation of AMPA receptors and synaptic plasticity",,-9.9,78,21,21160,27,60,6,10,3.9,11771|11772|12322|12323|13385|18195,Ap2a1|Ap2a2|Camk2a|Camk2b|Dlg4|Nsf,-6.4,MyList
GO Biological Processes,19,GO:0099003,vesicle-mediated transport in synapse,19_GO:0051179 localization,-9.7,18,13,21160,196,60,10,17,4.8,11771|11772|11964|19349|20614|20910|22348|72961|104015|108664,Ap2a1|Ap2a2|Atp6v1a|Rab7|Snap25|Stxbp1|Slc32a1|Slc17a7|Synj1|Atp6v1h,-6.2,MyList
GO Biological Processes,19,GO:0048812,neuron projection morphogenesis,19_GO:0032502 developmental process,-9.4,8.8,10,21160,559,60,14,23,5.5,12322|12799|13385|14251|14432|17754|18163|20614|20910|21960|22152|65254|234267|235072,Camk2a|Cnp|Dlg4|Flot1|Gap43|Map1a|Ctnnd2|Snap25|Stxbp1|Tnr|Tubb3|Dpysl5|Gpm6a|Septin7,-6,MyList
GO Biological Processes,19,GO:0120039,plasma membrane bounded cell projection morphogenesis,19_GO:0032502 developmental process,-9.3,8.7,9.9,21160,565,60,14,23,5.5,12322|12799|13385|14251|14432|17754|18163|20614|20910|21960|22152|65254|234267|235072,Camk2a|Cnp|Dlg4|Flot1|Gap43|Map1a|Ctnnd2|Snap25|Stxbp1|Tnr|Tubb3|Dpysl5|Gpm6a|Septin7,-6,MyList
GO Biological Processes,19,GO:0048667,cell morphogenesis involved in neuron differentiation,19_GO:0032502 developmental process,-8.8,9,9.8,21160,509,60,13,22,5.3,12322|12799|13385|14251|14432|17754|18163|20614|20910|21960|22152|65254|235072,Camk2a|Cnp|Dlg4|Flot1|Gap43|Map1a|Ctnnd2|Snap25|Stxbp1|Tnr|Tubb3|Dpysl5|Septin7,-5.5,MyList
GO Biological Processes,19,GO:0050804,modulation of chemical synaptic transmission,19_GO:0050789 regulation of biological process,-8.6,6.9,8.8,21160,772,60,15,25,5.6,11938|12322|12323|13385|14251|15461|17754|18163|20614|20910|21960|26562|50997|68585|235604,Atp2a2|Camk2a|Camk2b|Dlg4|Flot1|Hras|Map1a|Ctnnd2|Snap25|Stxbp1|Tnr|Ncdn|Mpp2|Rtn4|Camkv,-5.3,MyList
GO Biological Processes,19,GO:0099177,regulation of trans-synaptic signaling,19_GO:0050789 regulation of biological process,-8.6,6.8,8.8,21160,773,60,15,25,5.6,11938|12322|12323|13385|14251|15461|17754|18163|20614|20910|21960|26562|50997|68585|235604,Atp2a2|Camk2a|Camk2b|Dlg4|Flot1|Hras|Map1a|Ctnnd2|Snap25|Stxbp1|Tnr|Ncdn|Mpp2|Rtn4|Camkv,-5.3,MyList
Reactome Gene Sets,6,R-MMU-112315,Transmission across Chemical Synapses,,-8.4,16,11,21160,196,60,9,15,4.6,11771|11772|12322|12323|13385|18195|20910|22348|72961,Ap2a1|Ap2a2|Camk2a|Camk2b|Dlg4|Nsf|Stxbp1|Slc32a1|Slc17a7,-5.2,MyList
KEGG Pathway,24,mmu04911,Insulin secretion - Mus musculus (house mouse),,-8.3,29,14,21160,86,60,7,12,4.1,12322|12323|14672|14682|14683|20614|98660,Camk2a|Camk2b|Gna11|Gnaq|Gnas|Snap25|Atp1a2,-5.2,MyList
GO Biological Processes,19,GO:0061564,axon development,19_GO:0032502 developmental process,-8.2,9.1,9.4,21160,466,60,12,20,5.2,12799|14251|14432|17754|18823|20614|20910|21960|22152|65254|68585|235072,Cnp|Flot1|Gap43|Map1a|Plp1|Snap25|Stxbp1|Tnr|Tubb3|Dpysl5|Rtn4|Septin7,-5.1,MyList
GO Biological Processes,19,GO:0048167,regulation of synaptic plasticity,19_GO:0050789 regulation of biological process,-7.8,9.7,9.3,21160,402,60,11,18,5,12322|12323|13385|15461|17754|18163|20614|20910|21960|26562|50997,Camk2a|Camk2b|Dlg4|Hras|Map1a|Ctnnd2|Snap25|Stxbp1|Tnr|Ncdn|Mpp2,-4.8,MyList
KEGG Pathway,24,mmu04925,Aldosterone synthesis and secretion - Mus musculus (house mouse),,-7.8,24,12,21160,103,60,7,12,4.1,12322|12323|14672|14682|14683|98660|269060,Camk2a|Camk2b|Gna11|Gnaq|Gnas|Atp1a2|Dagla,-4.8,MyList
GO Biological Processes,19,GO:0016188,synaptic vesicle maturation,19_GO:0032502 developmental process,-7.8,61,17,21160,29,60,5,8.3,3.6,11964|13385|20910|72961|108664,Atp6v1a|Dlg4|Stxbp1|Slc17a7|Atp6v1h,-4.8,MyList
Reactome Gene Sets,6,R-MMU-112316,Neuronal System,,-7.8,11,9.7,21160,314,60,10,17,4.8,11771|11772|12322|12323|13385|18195|20168|20910|22348|72961,Ap2a1|Ap2a2|Camk2a|Camk2b|Dlg4|Nsf|Rtn3|Stxbp1|Slc32a1|Slc17a7,-4.8,MyList
KEGG Pathway,24,mmu04922,Glucagon signaling pathway - Mus musculus (house mouse),,-7.8,24,12,21160,104,60,7,12,4.1,12322|12323|14682|14683|18597|56421|110078,Camk2a|Camk2b|Gnaq|Gnas|Pdha1|Pfkp|Pygb,-4.8,MyList
KEGG Pathway,24,mmu04730,Long-term depression - Mus musculus (house mouse),,-7.7,35,14,21160,60,60,6,10,3.9,14672|14674|14682|14683|14687|15461,Gna11|Gna13|Gnaq|Gnas|Gnaz|Hras,-4.8,MyList
GO Biological Processes,19,GO:0099536,synaptic signaling,19_GO:0050789 regulation of biological process,-7.2,8.4,8.6,21160,461,60,11,18,5,13385|14672|14682|20614|20910|21960|50997|72961|104015|235380|269060,Dlg4|Gna11|Gnaq|Snap25|Stxbp1|Tnr|Mpp2|Slc17a7|Synj1|Dmxl2|Dagla,-4.3,MyList
GO Biological Processes,19,GO:0061024,membrane organization,19_GO:0009987 cellular process,-6.9,6.1,7.6,21160,748,60,13,22,5.3,11938|12322|12799|13385|14251|15519|15525|19349|20614|20910|22334|68585|109676,Atp2a2|Camk2a|Cnp|Dlg4|Flot1|Hsp90aa1|Hspa4|Rab7|Snap25|Stxbp1|Vdac2|Rtn4|Ank2,-3.9,MyList
GO Biological Processes,19,GO:1990806,ligand-gated ion channel signaling pathway,19_GO:0050896 response to stimulus,-6.8,39,14,21160,45,60,5,8.3,3.6,12322|13385|14672|14682|18823,Camk2a|Dlg4|Gna11|Gnaq|Plp1,-3.9,MyList
WikiPathways,27,WP553,Calcium regulation in cardiac cells,,-6.8,17,10,21160,145,60,7,12,4.1,11938|12322|12323|14672|14682|14683|14687,Atp2a2|Camk2a|Camk2b|Gna11|Gnaq|Gnas|Gnaz,-3.9,MyList
Reactome Gene Sets,6,R-MMU-382551,Transport of small molecules,,-6.7,6.6,7.7,21160,638,60,12,20,5.2,11771|11772|11938|11964|12322|12323|14683|22348|72961|98660|100434|108664,Ap2a1|Ap2a2|Atp2a2|Atp6v1a|Camk2a|Camk2b|Gnas|Slc32a1|Slc17a7|Atp1a2|Slc44a1|Atp6v1h,-3.9,MyList
GO Biological Processes,19,GO:0007409,axonogenesis,19_GO:0032502 developmental process,-6.7,8.7,8.4,21160,405,60,10,17,4.8,12799|14251|14432|17754|20614|20910|21960|22152|65254|235072,Cnp|Flot1|Gap43|Map1a|Snap25|Stxbp1|Tnr|Tubb3|Dpysl5|Septin7,-3.9,MyList
WikiPathways,27,WP232,G protein signaling pathways,,-6.7,24,11,21160,90,60,6,10,3.9,14672|14674|14682|14683|14687|15461,Gna11|Gna13|Gnaq|Gnas|Gnaz|Hras,-3.9,MyList
KEGG Pathway,24,mmu04912,GnRH signaling pathway - Mus musculus (house mouse),,-6.7,24,11,21160,90,60,6,10,3.9,12322|12323|14672|14682|14683|15461,Camk2a|Camk2b|Gna11|Gnaq|Gnas|Hras,-3.9,MyList
Reactome Gene Sets,6,R-MMU-422475,Axon guidance,,-6.5,12,9,21160,238,60,8,13,4.4,11771|11772|14432|15461|15519|22152|22240|65254,Ap2a1|Ap2a2|Gap43|Hras|Hsp90aa1|Tubb3|Dpysl3|Dpysl5,-3.7,MyList
Reactome Gene Sets,6,R-MMU-9675108,Nervous system development,,-6.4,12,9,21160,239,60,8,13,4.4,11771|11772|14432|15461|15519|22152|22240|65254,Ap2a1|Ap2a2|Gap43|Hras|Hsp90aa1|Tubb3|Dpysl3|Dpysl5,-3.7,MyList
GO Biological Processes,19,GO:0099072,regulation of postsynaptic membrane neurotransmitter receptor levels,19_GO:0065007 biological regulation,-6.3,21,11,21160,103,60,6,10,3.9,11771|11772|12322|13385|15519|18163,Ap2a1|Ap2a2|Camk2a|Dlg4|Hsp90aa1|Ctnnd2,-3.6,MyList
GO Biological Processes,19,GO:0007267,cell-cell signaling,19_GO:0050789 regulation of biological process,-6.2,5.9,7.1,21160,719,60,12,20,5.2,13385|14672|14682|20614|20910|21960|50997|72961|104015|109676|235380|269060,Dlg4|Gna11|Gnaq|Snap25|Stxbp1|Tnr|Mpp2|Slc17a7|Synj1|Ank2|Dmxl2|Dagla,-3.4,MyList
KEGG Pathway,24,mmu04961,Endocrine and other factor-regulated calcium reabsorption - Mus musculus (house mouse),,-6.1,29,12,21160,61,60,5,8.3,3.6,11771|11772|14682|14683|98660,Ap2a1|Ap2a2|Gnaq|Gnas|Atp1a2,-3.4,MyList
GO Biological Processes,19,GO:0019725,cellular homeostasis,19_GO:0042592 homeostatic process,-6.1,5.8,7,21160,732,60,12,20,5.2,11938|11964|12709|15275|17754|19349|68585|72961|98660|108664|109676|235380,Atp2a2|Atp6v1a|Ckb|Hk1|Map1a|Rab7|Rtn4|Slc17a7|Atp1a2|Atp6v1h|Ank2|Dmxl2,-3.4,MyList
KEGG Pathway,24,mmu01200,Carbon metabolism - Mus musculus (house mouse),,-5.9,17,9.7,21160,122,60,6,10,3.9,11429|15275|18293|18597|56421|110446,Aco2|Hk1|Ogdh|Pdha1|Pfkp|Acat1,-3.2,MyList
GO Biological Processes,19,GO:1990778,protein localization to cell periphery,19_GO:0051179 localization,-5.9,10,8.1,21160,283,60,8,13,4.4,12322|13385|14251|18195|19349|20910|109676|668212,Camk2a|Dlg4|Flot1|Nsf|Rab7|Stxbp1|Ank2|Efr3b,-3.2,MyList
GO Biological Processes,19,GO:0072657,protein localization to membrane,19_GO:0051179 localization,-5.9,7,7.3,21160,503,60,10,17,4.8,12322|13385|14251|15519|15525|18195|19349|20910|109676|668212,Camk2a|Dlg4|Flot1|Hsp90aa1|Hspa4|Nsf|Rab7|Stxbp1|Ank2|Efr3b,-3.2,MyList
GO Biological Processes,19,GO:0120035,regulation of plasma membrane bounded cell projection organization,19_GO:0050789 regulation of biological process,-5.8,5.4,6.7,21160,782,60,12,20,5.2,11771|12323|13385|14432|15461|15519|20614|21960|22240|65254|68585|234267,Ap2a1|Camk2b|Dlg4|Gap43|Hras|Hsp90aa1|Snap25|Tnr|Dpysl3|Dpysl5|Rtn4|Gpm6a,-3.1,MyList
GO Biological Processes,19,GO:0099537,trans-synaptic signaling,19_GO:0050789 regulation of biological process,-5.7,7.9,7.4,21160,403,60,9,15,4.6,13385|20614|20910|21960|50997|72961|104015|235380|269060,Dlg4|Snap25|Stxbp1|Tnr|Mpp2|Slc17a7|Synj1|Dmxl2|Dagla,-3.1,MyList
GO Biological Processes,19,GO:0031344,regulation of cell projection organization,19_GO:0050789 regulation of biological process,-5.7,5.3,6.6,21160,798,60,12,20,5.2,11771|12323|13385|14432|15461|15519|20614|21960|22240|65254|68585|234267,Ap2a1|Camk2b|Dlg4|Gap43|Hras|Hsp90aa1|Snap25|Tnr|Dpysl3|Dpysl5|Rtn4|Gpm6a,-3,MyList
GO Biological Processes,19,GO:0006812,monoatomic cation transport,19_GO:0051179 localization,-5.7,5.3,6.6,21160,798,60,12,20,5.2,11938|11964|12322|12323|18195|18674|20614|22348|72961|98660|108664|234267,Atp2a2|Atp6v1a|Camk2a|Camk2b|Nsf|Slc25a3|Snap25|Slc32a1|Slc17a7|Atp1a2|Atp6v1h|Gpm6a,-3,MyList
Reactome Gene Sets,6,R-MMU-112314,Neurotransmitter receptors and postsynaptic signal transmission,,-5.7,16,9.2,21160,134,60,6,10,3.9,11771|11772|12322|12323|13385|18195,Ap2a1|Ap2a2|Camk2a|Camk2b|Dlg4|Nsf,-3,MyList
KEGG Pathway,24,mmu04971,Gastric acid secretion - Mus musculus (house mouse),,-5.6,24,10,21160,75,60,5,8.3,3.6,12322|12323|14682|14683|98660,Camk2a|Camk2b|Gnaq|Gnas|Atp1a2,-3,MyList
Reactome Gene Sets,6,R-MMU-8953897,Cellular responses to stimuli,,-5.6,6.5,6.9,21160,543,60,10,17,4.8,11964|12322|12323|13424|14672|14682|14683|15519|22152|108664,Atp6v1a|Camk2a|Camk2b|Dync1h1|Gna11|Gnaq|Gnas|Hsp90aa1|Tubb3|Atp6v1h,-2.9,MyList
GO Biological Processes,19,GO:0048168,regulation of neuronal synaptic plasticity,19_GO:0050789 regulation of biological process,-5.5,22,10,21160,79,60,5,8.3,3.6,12322|12323|13385|15461|26562,Camk2a|Camk2b|Dlg4|Hras|Ncdn,-2.9,MyList
GO Biological Processes,19,GO:1902600,proton transmembrane transport,19_GO:0051179 localization,-5.5,15,8.8,21160,143,60,6,10,3.9,11964|18674|22348|72961|98660|108664,Atp6v1a|Slc25a3|Slc32a1|Slc17a7|Atp1a2|Atp6v1h,-2.9,MyList
GO Biological Processes,19,GO:0048259,regulation of receptor-mediated endocytosis,19_GO:0051179 localization,-5.5,15,8.8,21160,144,60,6,10,3.9,11771|13385|14251|18195|26562|104015,Ap2a1|Dlg4|Flot1|Nsf|Ncdn|Synj1,-2.9,MyList
GO Biological Processes,19,GO:0006836,neurotransmitter transport,19_GO:0051179 localization,-5.5,15,8.8,21160,145,60,6,10,3.9,20614|20910|22348|72961|98660|104015,Snap25|Stxbp1|Slc32a1|Slc17a7|Atp1a2|Synj1,-2.9,MyList
GO Biological Processes,19,GO:0070050,neuron cellular homeostasis,19_GO:0042592 homeostatic process,-5.4,22,9.9,21160,82,60,5,8.3,3.6,11938|11964|17754|72961|108664,Atp2a2|Atp6v1a|Map1a|Slc17a7|Atp6v1h,-2.9,MyList
GO Biological Processes,19,GO:1903530,regulation of secretion by cell,19_GO:0051179 localization,-5.4,5.5,6.4,21160,711,60,11,18,5,11938|12322|14672|14682|14683|14687|18195|19349|20614|20910|68585,Atp2a2|Camk2a|Gna11|Gnaq|Gnas|Gnaz|Nsf|Rab7|Snap25|Stxbp1|Rtn4,-2.8,MyList
KEGG Pathway,24,mmu04540,Gap junction - Mus musculus (house mouse),,-5.3,21,9.7,21160,86,60,5,8.3,3.6,14672|14682|14683|15461|22152,Gna11|Gnaq|Gnas|Hras|Tubb3,-2.8,MyList
KEGG Pathway,24,mmu04921,Oxytocin signaling pathway - Mus musculus (house mouse),,-5.3,14,8.5,21160,153,60,6,10,3.9,12322|12323|13629|14682|14683|15461,Camk2a|Camk2b|Eef2|Gnaq|Gnas|Hras,-2.8,MyList
KEGG Pathway,24,mmu04261,Adrenergic signaling in cardiomyocytes - Mus musculus (house mouse),,-5.3,14,8.4,21160,156,60,6,10,3.9,11938|12322|12323|14682|14683|98660,Atp2a2|Camk2a|Camk2b|Gnaq|Gnas|Atp1a2,-2.7,MyList
GO Biological Processes,19,GO:0051668,localization within membrane,19_GO:0051179 localization,-5.3,6,6.6,21160,587,60,10,17,4.8,12322|13385|14251|15519|15525|18195|19349|20910|109676|668212,Camk2a|Dlg4|Flot1|Hsp90aa1|Hspa4|Nsf|Rab7|Stxbp1|Ank2|Efr3b,-2.7,MyList
GO Biological Processes,19,GO:0060996,dendritic spine development,19_GO:0032502 developmental process,-5.3,34,11,21160,41,60,4,6.7,3.2,12322|13385|18163|235072,Camk2a|Dlg4|Ctnnd2|Septin7,-2.7,MyList
GO Biological Processes,19,GO:0002090,regulation of receptor internalization,19_GO:0051179 localization,-5.1,19,9.1,21160,95,60,5,8.3,3.6,13385|14251|18195|26562|104015,Dlg4|Flot1|Nsf|Ncdn|Synj1,-2.6,MyList
KEGG Pathway,24,mmu04020,Calcium signaling pathway - Mus musculus (house mouse),,-5.1,9.7,7.5,21160,254,60,7,12,4.1,11938|12322|12323|14672|14682|14683|22334,Atp2a2|Camk2a|Camk2b|Gna11|Gnaq|Gnas|Vdac2,-2.6,MyList
Reactome Gene Sets,6,R-MMU-416993,Trafficking of GluR2-containing AMPA receptors,,-5.1,76,15,21160,14,60,3,5,2.8,11771|11772|18195,Ap2a1|Ap2a2|Nsf,-2.6,MyList
Reactome Gene Sets,6,R-MMU-983712,Ion channel transport,,-5.1,13,8.1,21160,167,60,6,10,3.9,11938|11964|12322|12323|98660|108664,Atp2a2|Atp6v1a|Camk2a|Camk2b|Atp1a2|Atp6v1h,-2.6,MyList
KEGG Pathway,24,mmu05022,Pathways of neurodegeneration - multiple diseases - Mus musculus (house mouse),,-5.1,6.6,6.6,21160,481,60,9,15,4.6,11938|12322|12323|13385|14682|15461|22152|22201|22334,Atp2a2|Camk2a|Camk2b|Dlg4|Gnaq|Hras|Tubb3|Uba1|Vdac2,-2.6,MyList
Reactome Gene Sets,6,R-MMU-1266738,Developmental Biology,,-5,6.5,6.6,21160,489,60,9,15,4.6,11771|11772|13385|14432|15461|15519|22152|22240|65254,Ap2a1|Ap2a2|Dlg4|Gap43|Hras|Hsp90aa1|Tubb3|Dpysl3|Dpysl5,-2.6,MyList
KEGG Pathway,24,mmu04022,cGMP-PKG signaling pathway - Mus musculus (house mouse),,-5,12,7.9,21160,172,60,6,10,3.9,11938|14672|14674|14682|22334|98660,Atp2a2|Gna11|Gna13|Gnaq|Vdac2|Atp1a2,-2.6,MyList
KEGG Pathway,24,mmu04916,Melanogenesis - Mus musculus (house mouse),,-5,18,8.9,21160,100,60,5,8.3,3.6,12322|12323|14682|14683|15461,Camk2a|Camk2b|Gnaq|Gnas|Hras,-2.6,MyList
GO Biological Processes,19,GO:0060627,regulation of vesicle-mediated transport,19_GO:0051179 localization,-5,5.6,6.3,21160,628,60,10,17,4.8,11771|11938|13385|14251|18195|19349|20910|26562|72961|104015,Ap2a1|Atp2a2|Dlg4|Flot1|Nsf|Rab7|Stxbp1|Ncdn|Slc17a7|Synj1,-2.6,MyList
GO Biological Processes,19,GO:0007268,chemical synaptic transmission,19_GO:0050789 regulation of biological process,-5,7.4,6.8,21160,379,60,8,13,4.4,13385|20614|20910|21960|50997|72961|104015|235380,Dlg4|Snap25|Stxbp1|Tnr|Mpp2|Slc17a7|Synj1|Dmxl2,-2.5,MyList
GO Biological Processes,19,GO:0098916,anterograde trans-synaptic signaling,19_GO:0050789 regulation of biological process,-5,7.4,6.8,21160,379,60,8,13,4.4,13385|20614|20910|21960|50997|72961|104015|235380,Dlg4|Snap25|Stxbp1|Tnr|Mpp2|Slc17a7|Synj1|Dmxl2,-2.5,MyList
GO Biological Processes,19,GO:0006091,generation of precursor metabolites and energy,19_GO:0009987 cellular process,-4.9,7.4,6.7,21160,383,60,8,13,4.4,11429|14683|15275|18293|18597|56421|110078|110446,Aco2|Gnas|Hk1|Ogdh|Pdha1|Pfkp|Pygb|Acat1,-2.5,MyList
GO Biological Processes,19,GO:0051046,regulation of secretion,19_GO:0051179 localization,-4.9,4.9,5.9,21160,796,60,11,18,5,11938|12322|14672|14682|14683|14687|18195|19349|20614|20910|68585,Atp2a2|Camk2a|Gna11|Gnaq|Gnas|Gnaz|Nsf|Rab7|Snap25|Stxbp1|Rtn4,-2.5,MyList
GO Biological Processes,19,GO:0006839,mitochondrial transport,19_GO:0051179 localization,-4.9,12,7.7,21160,183,60,6,10,3.9,12322|12799|15519|15525|18674|22334,Camk2a|Cnp|Hsp90aa1|Hspa4|Slc25a3|Vdac2,-2.5,MyList
GO Biological Processes,19,GO:0007215,glutamate receptor signaling pathway,19_GO:0050896 response to stimulus,-4.9,28,10,21160,51,60,4,6.7,3.2,12322|13385|14682|18823,Camk2a|Dlg4|Gnaq|Plp1,-2.5,MyList
Reactome Gene Sets,6,R-MMU-5578775,Ion homeostasis,,-4.8,27,10,21160,52,60,4,6.7,3.2,11938|12322|12323|98660,Atp2a2|Camk2a|Camk2b|Atp1a2,-2.4,MyList
GO Biological Processes,19,GO:0007006,mitochondrial membrane organization,19_GO:0009987 cellular process,-4.8,16,8.5,21160,109,60,5,8.3,3.6,12322|12799|15519|15525|22334,Camk2a|Cnp|Hsp90aa1|Hspa4|Vdac2,-2.4,MyList
Reactome Gene Sets,6,R-MMU-936837,Ion transport by P-type ATPases,,-4.8,26,9.9,21160,54,60,4,6.7,3.2,11938|12322|12323|98660,Atp2a2|Camk2a|Camk2b|Atp1a2,-2.4,MyList
GO Biological Processes,19,GO:0050803,regulation of synapse structure or activity,19_GO:0065007 biological regulation,-4.8,7,6.5,21160,401,60,8,13,4.4,12323|13385|14674|20614|68585|72961|234267|235604,Camk2b|Dlg4|Gna13|Snap25|Rtn4|Slc17a7|Gpm6a|Camkv,-2.4,MyList
KEGG Pathway,24,mmu04725,Cholinergic synapse - Mus musculus (house mouse),,-4.8,16,8.3,21160,113,60,5,8.3,3.6,12322|12323|14672|14682|15461,Camk2a|Camk2b|Gna11|Gnaq|Hras,-2.4,MyList
GO Biological Processes,19,GO:0050890,cognition,19_GO:0032501 multicellular organismal process,-4.8,7,6.5,21160,403,60,8,13,4.4,14683|17754|18163|20614|21960|72961|98660|104015,Gnas|Map1a|Ctnnd2|Snap25|Tnr|Slc17a7|Atp1a2|Synj1,-2.4,MyList
GO Biological Processes,19,GO:0106027,neuron projection organization,19_GO:0009987 cellular process,-4.7,25,9.7,21160,56,60,4,6.7,3.2,13385|17754|18163|235072,Dlg4|Map1a|Ctnnd2|Septin7,-2.3,MyList
KEGG Pathway,24,mmu04724,Glutamatergic synapse - Mus musculus (house mouse),,-4.7,15,8.2,21160,116,60,5,8.3,3.6,13385|14682|14683|26562|72961,Dlg4|Gnaq|Gnas|Ncdn|Slc17a7,-2.3,MyList
KEGG Pathway,24,mmu04066,HIF-1 signaling pathway - Mus musculus (house mouse),,-4.7,15,8.1,21160,117,60,5,8.3,3.6,12322|12323|15275|18597|56421,Camk2a|Camk2b|Hk1|Pdha1|Pfkp,-2.3,MyList
Reactome Gene Sets,6,R-MMU-2132295,MHC class II antigen presentation,,-4.6,15,8,21160,120,60,5,8.3,3.6,11771|11772|13424|19349|22152,Ap2a1|Ap2a2|Dync1h1|Rab7|Tubb3,-2.3,MyList
GO Biological Processes,19,GO:0097401,synaptic vesicle lumen acidification,19_GO:0042592 homeostatic process,-4.6,53,12,21160,20,60,3,5,2.8,11964|72961|108664,Atp6v1a|Slc17a7|Atp6v1h,-2.3,MyList
GO Biological Processes,19,GO:1903829,positive regulation of protein localization,19_GO:0051179 localization,-4.6,5.7,6,21160,556,60,9,15,4.6,13385|14672|14682|14683|15461|15519|17754|20614|68585,Dlg4|Gna11|Gnaq|Gnas|Hras|Hsp90aa1|Map1a|Snap25|Rtn4,-2.3,MyList
Reactome Gene Sets,6,R-MMU-373760,L1CAM interactions,,-4.6,24,9.3,21160,60,60,4,6.7,3.2,11771|11772|14432|22152,Ap2a1|Ap2a2|Gap43|Tubb3,-2.3,MyList
GO Biological Processes,19,GO:0007612,learning,19_GO:0032501 multicellular organismal process,-4.6,10,7.1,21160,206,60,6,10,3.9,17754|18163|20614|21960|98660|104015,Map1a|Ctnnd2|Snap25|Tnr|Atp1a2|Synj1,-2.3,MyList
GO Biological Processes,19,GO:0060997,dendritic spine morphogenesis,19_GO:0032502 developmental process,-4.6,50,12,21160,21,60,3,5,2.8,13385|18163|235072,Dlg4|Ctnnd2|Septin7,-2.2,MyList
Reactome Gene Sets,6,R-MMU-3371571,HSF1-dependent transactivation,,-4.5,48,12,21160,22,60,3,5,2.8,12322|12323|15519,Camk2a|Camk2b|Hsp90aa1,-2.2,MyList
GO Biological Processes,19,GO:0035641,locomotory exploration behavior,19_GO:0032501 multicellular organismal process,-4.5,48,12,21160,22,60,3,5,2.8,13385|21960|98660,Dlg4|Tnr|Atp1a2,-2.2,MyList
Reactome Gene Sets,6,R-MMU-438066,"Unblocking of NMDA receptors, glutamate binding and activation",,-4.5,48,12,21160,22,60,3,5,2.8,12322|12323|13385,Camk2a|Camk2b|Dlg4,-2.2,MyList
GO Biological Processes,19,GO:0016082,synaptic vesicle priming,19_GO:0051179 localization,-4.4,46,12,21160,23,60,3,5,2.8,20614|20910|104015,Snap25|Stxbp1|Synj1,-2.1,MyList
GO Biological Processes,19,GO:0072659,protein localization to plasma membrane,19_GO:0051179 localization,-4.4,9.6,6.9,21160,220,60,6,10,3.9,14251|18195|19349|20910|109676|668212,Flot1|Nsf|Rab7|Stxbp1|Ank2|Efr3b,-2.1,MyList
GO Biological Processes,19,GO:0050806,positive regulation of synaptic transmission,19_GO:0048518 positive regulation of biological process,-4.4,7.5,6.4,21160,327,60,7,12,4.1,12323|13385|14251|20614|20910|21960|50997,Camk2b|Dlg4|Flot1|Snap25|Stxbp1|Tnr|Mpp2,-2.1,MyList
GO Biological Processes,19,GO:0050821,protein stabilization,19_GO:0065007 biological regulation,-4.4,9.6,6.8,21160,221,60,6,10,3.9,14251|14682|15519|20910|68585|109676,Flot1|Gnaq|Hsp90aa1|Stxbp1|Rtn4|Ank2,-2.1,MyList
KEGG Pathway,24,mmu04720,Long-term potentiation - Mus musculus (house mouse),,-4.4,21,8.8,21160,67,60,4,6.7,3.2,12322|12323|14682|15461,Camk2a|Camk2b|Gnaq|Hras,-2.1,MyList
Reactome Gene Sets,6,R-MMU-428930,Thromboxane signalling through TP receptor,,-4.4,44,11,21160,24,60,3,5,2.8,14672|14674|14682,Gna11|Gna13|Gnaq,-2.1,MyList
GO Biological Processes,19,GO:0036465,synaptic vesicle recycling,19_GO:0051179 localization,-4.4,20,8.6,21160,69,60,4,6.7,3.2,11771|11772|19349|104015,Ap2a1|Ap2a2|Rab7|Synj1,-2.1,MyList
KEGG Pathway,24,mmu05230,Central carbon metabolism in cancer - Mus musculus (house mouse),,-4.4,20,8.6,21160,69,60,4,6.7,3.2,15275|15461|18597|56421,Hk1|Hras|Pdha1|Pfkp,-2.1,MyList
GO Biological Processes,19,GO:0016050,vesicle organization,19_GO:0009987 cellular process,-4.3,7.2,6.2,21160,342,60,7,12,4.1,11964|13385|19349|20614|20910|72961|108664,Atp6v1a|Dlg4|Rab7|Snap25|Stxbp1|Slc17a7|Atp6v1h,-2,MyList
GO Biological Processes,19,GO:1901292,nucleoside phosphate catabolic process,19_GO:0009987 cellular process,-4.3,12,7.3,21160,142,60,5,8.3,3.6,12799|15275|18293|56421|110446,Cnp|Hk1|Ogdh|Pfkp|Acat1,-2,MyList
GO Biological Processes,19,GO:0055082,intracellular chemical homeostasis,19_GO:0042592 homeostatic process,-4.2,5.1,5.6,21160,619,60,9,15,4.6,11938|11964|12709|15275|19349|68585|98660|109676|235380,Atp2a2|Atp6v1a|Ckb|Hk1|Rab7|Rtn4|Atp1a2|Ank2|Dmxl2,-2,MyList
GO Biological Processes,19,GO:0055117,regulation of cardiac muscle contraction,19_GO:0032501 multicellular organismal process,-4.2,19,8.3,21160,74,60,4,6.7,3.2,11938|15519|98660|109676,Atp2a2|Hsp90aa1|Atp1a2|Ank2,-2,MyList
GO Biological Processes,19,GO:0030900,forebrain development,19_GO:0032502 developmental process,-4.2,5.9,5.8,21160,480,60,8,13,4.4,12799|14682|18293|21960|22348|68585|98660|235380,Cnp|Gnaq|Ogdh|Tnr|Slc32a1|Rtn4|Atp1a2|Dmxl2,-2,MyList
GO Biological Processes,19,GO:0030100,regulation of endocytosis,19_GO:0051179 localization,-4.2,7,6.1,21160,352,60,7,12,4.1,11771|13385|14251|18195|26562|72961|104015,Ap2a1|Dlg4|Flot1|Nsf|Ncdn|Slc17a7|Synj1,-2,MyList
GO Biological Processes,19,GO:0007212,G protein-coupled dopamine receptor signaling pathway,19_GO:0050896 response to stimulus,-4.2,39,11,21160,27,60,3,5,2.8,14672|14682|14683,Gna11|Gnaq|Gnas,-2,MyList
Reactome Gene Sets,6,R-MMU-9837999,Mitochondrial protein degradation,,-4.2,19,8.2,21160,76,60,4,6.7,3.2,11429|18293|18597|110446,Aco2|Ogdh|Pdha1|Acat1,-1.9,MyList
GO Biological Processes,19,GO:0007611,learning or memory,19_GO:0032501 multicellular organismal process,-4.2,6.9,6,21160,357,60,7,12,4.1,17754|18163|20614|21960|72961|98660|104015,Map1a|Ctnnd2|Snap25|Tnr|Slc17a7|Atp1a2|Synj1,-1.9,MyList
WikiPathways,27,WP385,Myometrial relaxation and contraction pathways,,-4.2,12,7,21160,150,60,5,8.3,3.6,11938|12322|12323|14682|14683,Atp2a2|Camk2a|Camk2b|Gnaq|Gnas,-1.9,MyList
GO Biological Processes,19,GO:0034220,monoatomic ion transmembrane transport,19_GO:0051179 localization,-4.2,4.5,5.3,21160,788,60,10,17,4.8,11938|11964|18674|20614|22334|22348|72961|98660|108664|234267,Atp2a2|Atp6v1a|Slc25a3|Snap25|Vdac2|Slc32a1|Slc17a7|Atp1a2|Atp6v1h|Gpm6a,-1.9,MyList
GO Biological Processes,19,GO:0098662,inorganic cation transmembrane transport,19_GO:0051179 localization,-4.2,5,5.5,21160,632,60,9,15,4.6,11938|11964|18674|20614|22348|72961|98660|108664|234267,Atp2a2|Atp6v1a|Slc25a3|Snap25|Slc32a1|Slc17a7|Atp1a2|Atp6v1h|Gpm6a,-1.9,MyList
GO Biological Processes,19,GO:0016358,dendrite development,19_GO:0032502 developmental process,-4.1,12,7,21160,153,60,5,8.3,3.6,12322|13385|17754|18163|235072,Camk2a|Dlg4|Map1a|Ctnnd2|Septin7,-1.9,MyList
GO Biological Processes,19,GO:0098655,monoatomic cation transmembrane transport,19_GO:0051179 localization,-4.1,4.9,5.4,21160,642,60,9,15,4.6,11938|11964|18674|20614|22348|72961|98660|108664|234267,Atp2a2|Atp6v1a|Slc25a3|Snap25|Slc32a1|Slc17a7|Atp1a2|Atp6v1h|Gpm6a,-1.9,MyList
GO Biological Processes,19,GO:0006897,endocytosis,19_GO:0051179 localization,-4.1,5.6,5.6,21160,500,60,8,13,4.4,11771|11772|14251|15461|19349|104015|108664|109676,Ap2a1|Ap2a2|Flot1|Hras|Rab7|Synj1|Atp6v1h|Ank2,-1.9,MyList
GO Biological Processes,19,GO:0048813,dendrite morphogenesis,19_GO:0032502 developmental process,-4.1,17,7.9,21160,81,60,4,6.7,3.2,12322|13385|18163|235072,Camk2a|Dlg4|Ctnnd2|Septin7,-1.9,MyList
GO Biological Processes,19,GO:0035235,ionotropic glutamate receptor signaling pathway,19_GO:0050896 response to stimulus,-4.1,35,10,21160,30,60,3,5,2.8,12322|13385|18823,Camk2a|Dlg4|Plp1,-1.9,MyList
Reactome Gene Sets,6,R-MMU-109582,Hemostasis,,-4.1,5.6,5.6,21160,505,60,8,13,4.4,11938|14672|14674|14682|14683|15461|22152|269060,Atp2a2|Gna11|Gna13|Gnaq|Gnas|Hras|Tubb3|Dagla,-1.9,MyList
GO Biological Processes,19,GO:0006090,pyruvate metabolic process,19_GO:0009987 cellular process,-4.1,17,7.8,21160,82,60,4,6.7,3.2,15275|18293|18597|56421,Hk1|Ogdh|Pdha1|Pfkp,-1.9,MyList
WikiPathways,27,WP434,TCA cycle,,-4,34,9.8,21160,31,60,3,5,2.8,11429|18293|18597,Aco2|Ogdh|Pdha1,-1.8,MyList
KEGG Pathway,24,mmu04934,Cushing syndrome - Mus musculus (house mouse),,-4,11,6.7,21160,162,60,5,8.3,3.6,12322|12323|14672|14682|14683,Camk2a|Camk2b|Gna11|Gnaq|Gnas,-1.8,MyList
KEGG Pathway,24,mmu00020,Citrate cycle (TCA cycle) - Mus musculus (house mouse),,-4,33,9.7,21160,32,60,3,5,2.8,11429|18293|18597,Aco2|Ogdh|Pdha1,-1.8,MyList
Reactome Gene Sets,6,R-MMU-456926,Thrombin signalling through proteinase activated receptors (PARs),,-4,33,9.7,21160,32,60,3,5,2.8,14672|14674|14682,Gna11|Gna13|Gnaq,-1.8,MyList
Reactome Gene Sets,6,R-MMU-71403,Citric acid cycle (TCA cycle),,-4,33,9.7,21160,32,60,3,5,2.8,11429|18293|110446,Aco2|Ogdh|Acat1,-1.8,MyList
GO Biological Processes,19,GO:0042391,regulation of membrane potential,19_GO:0065007 biological regulation,-4,5.4,5.4,21160,524,60,8,13,4.4,11938|13385|14672|14682|50997|72961|98660|109676,Atp2a2|Dlg4|Gna11|Gnaq|Mpp2|Slc17a7|Atp1a2|Ank2,-1.8,MyList
Reactome Gene Sets,6,R-MMU-437239,Recycling pathway of L1,,-4,32,9.5,21160,33,60,3,5,2.8,11771|11772|22152,Ap2a1|Ap2a2|Tubb3,-1.8,MyList
Reactome Gene Sets,6,R-MMU-392518,Signal amplification,,-4,32,9.5,21160,33,60,3,5,2.8,14672|14674|14682,Gna11|Gna13|Gnaq,-1.8,MyList
KEGG Pathway,24,mmu05010,Alzheimer disease - Mus musculus (house mouse),,-3.9,6.3,5.7,21160,389,60,7,12,4.1,11938|14682|15461|20168|22152|22334|68585,Atp2a2|Gnaq|Hras|Rtn3|Tubb3|Vdac2|Rtn4,-1.8,MyList
GO Biological Processes,19,GO:0046034,ATP metabolic process,19_GO:0009987 cellular process,-3.9,10,6.6,21160,169,60,5,8.3,3.6,11964|15275|18293|56421|98660,Atp6v1a|Hk1|Ogdh|Pfkp|Atp1a2,-1.8,MyList
GO Biological Processes,19,GO:0050807,regulation of synapse organization,19_GO:0050789 regulation of biological process,-3.9,6.3,5.6,21160,393,60,7,12,4.1,12323|13385|14674|20614|68585|234267|235604,Camk2b|Dlg4|Gna13|Snap25|Rtn4|Gpm6a|Camkv,-1.8,MyList
Reactome Gene Sets,6,R-MMU-442755,Activation of NMDA receptors and postsynaptic events,,-3.9,31,9.4,21160,34,60,3,5,2.8,12322|12323|13385,Camk2a|Camk2b|Dlg4,-1.8,MyList
GO Biological Processes,19,GO:0006099,tricarboxylic acid cycle,19_GO:0009987 cellular process,-3.9,31,9.4,21160,34,60,3,5,2.8,11429|18293|18597,Aco2|Ogdh|Pdha1,-1.8,MyList
KEGG Pathway,24,mmu01210,2-Oxocarboxylic acid metabolism - Mus musculus (house mouse),,-3.9,31,9.4,21160,34,60,3,5,2.8,11429|18293|18597,Aco2|Ogdh|Pdha1,-1.8,MyList
Reactome Gene Sets,6,R-MMU-5673000,RAF activation,,-3.9,31,9.4,21160,34,60,3,5,2.8,12322|12323|15461,Camk2a|Camk2b|Hras,-1.8,MyList
GO Biological Processes,19,GO:0098657,import into cell,19_GO:0051179 localization,-3.9,4.6,5.2,21160,683,60,9,15,4.6,11771|11772|14251|15461|19349|98660|104015|108664|109676,Ap2a1|Ap2a2|Flot1|Hras|Rab7|Atp1a2|Synj1|Atp6v1h|Ank2,-1.8,MyList
KEGG Pathway,24,mmu05012,Parkinson disease - Mus musculus (house mouse),,-3.9,7.7,6,21160,274,60,6,10,3.9,12322|12323|14683|22152|22201|22334,Camk2a|Camk2b|Gnas|Tubb3|Uba1|Vdac2,-1.8,MyList
GO Biological Processes,19,GO:0006942,regulation of striated muscle contraction,19_GO:0032501 multicellular organismal process,-3.9,16,7.4,21160,91,60,4,6.7,3.2,11938|15519|98660|109676,Atp2a2|Hsp90aa1|Atp1a2|Ank2,-1.7,MyList
GO Biological Processes,19,GO:1903532,positive regulation of secretion by cell,19_GO:0051179 localization,-3.9,6.2,5.6,21160,400,60,7,12,4.1,14672|14682|14683|19349|20614|20910|68585,Gna11|Gnaq|Gnas|Rab7|Snap25|Stxbp1|Rtn4,-1.7,MyList
GO Biological Processes,19,GO:0010256,endomembrane system organization,19_GO:0009987 cellular process,-3.9,5.2,5.3,21160,539,60,8,13,4.4,11938|14251|20168|20614|20910|22334|68585|109676,Atp2a2|Flot1|Rtn3|Snap25|Stxbp1|Vdac2|Rtn4|Ank2,-1.7,MyList
GO Biological Processes,19,GO:0006886,intracellular protein transport,19_GO:0051179 localization,-3.9,5.2,5.3,21160,539,60,8,13,4.4,11771|11772|15519|15525|17754|18195|19349|20910,Ap2a1|Ap2a2|Hsp90aa1|Hspa4|Map1a|Nsf|Rab7|Stxbp1,-1.7,MyList
KEGG Pathway,24,mmu04217,Necroptosis - Mus musculus (house mouse),,-3.8,10,6.4,21160,177,60,5,8.3,3.6,12322|12323|15519|22334|110078,Camk2a|Camk2b|Hsp90aa1|Vdac2|Pygb,-1.7,MyList
KEGG Pathway,24,mmu05200,Pathways in cancer - Mus musculus (house mouse),,-3.8,5.1,5.2,21160,548,60,8,13,4.4,12322|12323|14672|14674|14682|14683|15461|15519,Camk2a|Camk2b|Gna11|Gna13|Gnaq|Gnas|Hras|Hsp90aa1,-1.7,MyList
GO Biological Processes,19,GO:0006734,NADH metabolic process,19_GO:0009987 cellular process,-3.8,29,9,21160,37,60,3,5,2.8,15275|18293|56421,Hk1|Ogdh|Pfkp,-1.7,MyList
KEGG Pathway,24,mmu04145,Phagosome - Mus musculus (house mouse),,-3.8,9.6,6.3,21160,183,60,5,8.3,3.6,11964|13424|19349|22152|108664,Atp6v1a|Dync1h1|Rab7|Tubb3|Atp6v1h,-1.7,MyList
Reactome Gene Sets,6,R-MMU-5576891,Cardiac conduction,,-3.8,14,7.1,21160,98,60,4,6.7,3.2,11938|12322|12323|98660,Atp2a2|Camk2a|Camk2b|Atp1a2,-1.6,MyList
GO Biological Processes,19,GO:0044089,positive regulation of cellular component biogenesis,19_GO:0048518 positive regulation of biological process,-3.8,5,5.2,21160,560,60,8,13,4.4,13385|13424|14251|15461|15519|19349|22240|234267,Dlg4|Dync1h1|Flot1|Hras|Hsp90aa1|Rab7|Dpysl3|Gpm6a,-1.6,MyList
KEGG Pathway,24,mmu04713,Circadian entrainment - Mus musculus (house mouse),,-3.7,14,7,21160,99,60,4,6.7,3.2,12322|12323|14682|14683,Camk2a|Camk2b|Gnaq|Gnas,-1.6,MyList
GO Biological Processes,19,GO:0048169,regulation of long-term neuronal synaptic plasticity,19_GO:0050789 regulation of biological process,-3.7,27,8.7,21160,39,60,3,5,2.8,12323|13385|15461,Camk2b|Dlg4|Hras,-1.6,MyList
GO Biological Processes,19,GO:0098660,inorganic ion transmembrane transport,19_GO:0051179 localization,-3.7,4.4,4.9,21160,728,60,9,15,4.6,11938|11964|18674|20614|22348|72961|98660|108664|234267,Atp2a2|Atp6v1a|Slc25a3|Snap25|Slc32a1|Slc17a7|Atp1a2|Atp6v1h|Gpm6a,-1.6,MyList
GO Biological Processes,19,GO:0086004,regulation of cardiac muscle cell contraction,19_GO:0032501 multicellular organismal process,-3.7,26,8.6,21160,40,60,3,5,2.8,11938|98660|109676,Atp2a2|Atp1a2|Ank2,-1.6,MyList
GO Biological Processes,19,GO:0097061,dendritic spine organization,19_GO:0009987 cellular process,-3.7,26,8.6,21160,40,60,3,5,2.8,13385|18163|235072,Dlg4|Ctnnd2|Septin7,-1.6,MyList
GO Biological Processes,19,GO:0006753,nucleoside phosphate metabolic process,19_GO:0009987 cellular process,-3.7,4.9,5.1,21160,575,60,8,13,4.4,11964|12799|15275|18293|18597|56421|98660|110446,Atp6v1a|Cnp|Hk1|Ogdh|Pdha1|Pfkp|Atp1a2|Acat1,-1.6,MyList
GO Biological Processes,19,GO:0010975,regulation of neuron projection development,19_GO:0032502 developmental process,-3.7,4.9,5,21160,578,60,8,13,4.4,11771|12323|13385|20614|21960|22240|65254|68585,Ap2a1|Camk2b|Dlg4|Snap25|Tnr|Dpysl3|Dpysl5|Rtn4,-1.6,MyList
GO Biological Processes,19,GO:0009205,purine ribonucleoside triphosphate metabolic process,19_GO:0009987 cellular process,-3.7,9.1,6,21160,194,60,5,8.3,3.6,11964|15275|18293|56421|98660,Atp6v1a|Hk1|Ogdh|Pfkp|Atp1a2,-1.6,MyList
GO Biological Processes,19,GO:1903351,cellular response to dopamine,19_GO:0050896 response to stimulus,-3.6,25,8.4,21160,42,60,3,5,2.8,14672|14682|14683,Gna11|Gnaq|Gnas,-1.6,MyList
KEGG Pathway,24,mmu05016,Huntington disease - Mus musculus (house mouse),,-3.6,6.9,5.5,21160,308,60,6,10,3.9,11771|11772|13385|14682|22152|22334,Ap2a1|Ap2a2|Dlg4|Gnaq|Tubb3|Vdac2,-1.5,MyList
GO Biological Processes,19,GO:0031503,protein-containing complex localization,19_GO:0051179 localization,-3.6,8.9,6,21160,198,60,5,8.3,3.6,11771|11772|12322|13385|19349,Ap2a1|Ap2a2|Camk2a|Dlg4|Rab7,-1.5,MyList
GO Biological Processes,19,GO:0046434,organophosphate catabolic process,19_GO:0009987 cellular process,-3.6,8.9,5.9,21160,199,60,5,8.3,3.6,12799|15275|18293|56421|110446,Cnp|Hk1|Ogdh|Pfkp|Acat1,-1.5,MyList
KEGG Pathway,24,mmu05146,Amoebiasis - Mus musculus (house mouse),,-3.6,13,6.7,21160,108,60,4,6.7,3.2,14672|14682|14683|19349,Gna11|Gnaq|Gnas|Rab7,-1.5,MyList
GO Biological Processes,19,GO:0009199,ribonucleoside triphosphate metabolic process,19_GO:0009987 cellular process,-3.6,8.8,5.9,21160,201,60,5,8.3,3.6,11964|15275|18293|56421|98660,Atp6v1a|Hk1|Ogdh|Pfkp|Atp1a2,-1.5,MyList
GO Biological Processes,19,GO:1903350,response to dopamine,19_GO:0050896 response to stimulus,-3.6,24,8.2,21160,44,60,3,5,2.8,14672|14682|14683,Gna11|Gnaq|Gnas,-1.5,MyList
KEGG Pathway,24,mmu04962,Vasopressin-regulated water reabsorption - Mus musculus (house mouse),,-3.6,24,8.2,21160,44,60,3,5,2.8,13424|14683|18195,Dync1h1|Gnas|Nsf,-1.5,MyList
GO Biological Processes,19,GO:0009144,purine nucleoside triphosphate metabolic process,19_GO:0009987 cellular process,-3.6,8.7,5.9,21160,202,60,5,8.3,3.6,11964|15275|18293|56421|98660,Atp6v1a|Hk1|Ogdh|Pfkp|Atp1a2,-1.5,MyList
GO Biological Processes,19,GO:0055086,nucleobase-containing small molecule metabolic process,19_GO:0009987 cellular process,-3.6,4.7,4.9,21160,600,60,8,13,4.4,11964|12799|15275|18293|18597|56421|98660|110446,Atp6v1a|Cnp|Hk1|Ogdh|Pdha1|Pfkp|Atp1a2|Acat1,-1.5,MyList
GO Biological Processes,19,GO:0051047,positive regulation of secretion,19_GO:0051179 localization,-3.6,5.5,5.1,21160,452,60,7,12,4.1,14672|14682|14683|19349|20614|20910|68585,Gna11|Gnaq|Gnas|Rab7|Snap25|Stxbp1|Rtn4,-1.5,MyList
Reactome Gene Sets,6,R-MMU-9856530,High laminar flow shear stress activates signaling by PIEZO1 and PECAM1:CDH5:KDR in endothelial cells,,-3.5,24,8.1,21160,45,60,3,5,2.8,14672|14682|14683,Gna11|Gnaq|Gnas,-1.5,MyList
GO Biological Processes,19,GO:0050905,neuromuscular process,19_GO:0032501 multicellular organismal process,-3.5,8.5,5.8,21160,207,60,5,8.3,3.6,12323|13385|15519|17754|21960,Camk2b|Dlg4|Hsp90aa1|Map1a|Tnr,-1.5,MyList
GO Biological Processes,19,GO:0071868,cellular response to monoamine stimulus,19_GO:0050896 response to stimulus,-3.5,23,8,21160,46,60,3,5,2.8,14672|14682|14683,Gna11|Gnaq|Gnas,-1.5,MyList
GO Biological Processes,19,GO:0071870,cellular response to catecholamine stimulus,19_GO:0050896 response to stimulus,-3.5,23,8,21160,46,60,3,5,2.8,14672|14682|14683,Gna11|Gnaq|Gnas,-1.5,MyList
GO Biological Processes,19,GO:0021537,telencephalon development,19_GO:0032502 developmental process,-3.5,6.5,5.3,21160,324,60,6,10,3.9,18293|21960|22348|68585|98660|235380,Ogdh|Tnr|Slc32a1|Rtn4|Atp1a2|Dmxl2,-1.5,MyList
GO Biological Processes,19,GO:0006873,intracellular monoatomic ion homeostasis,19_GO:0042592 homeostatic process,-3.5,5.4,5.1,21160,459,60,7,12,4.1,11938|11964|12709|19349|98660|109676|235380,Atp2a2|Atp6v1a|Ckb|Rab7|Atp1a2|Ank2|Dmxl2,-1.5,MyList
KEGG Pathway,24,mmu04972,Pancreatic secretion - Mus musculus (house mouse),,-3.5,12,6.5,21160,115,60,4,6.7,3.2,11938|14682|14683|98660,Atp2a2|Gnaq|Gnas|Atp1a2,-1.5,MyList
Reactome Gene Sets,6,R-MMU-112310,Neurotransmitter release cycle,,-3.5,23,7.9,21160,47,60,3,5,2.8,20910|22348|72961,Stxbp1|Slc32a1|Slc17a7,-1.5,MyList
Reactome Gene Sets,6,R-MMU-373755,Semaphorin interactions,,-3.5,23,7.9,21160,47,60,3,5,2.8,15519|22240|65254,Hsp90aa1|Dpysl3|Dpysl5,-1.5,MyList
KEGG Pathway,24,mmu04928,"Parathyroid hormone synthesis, secretion and action - Mus musculus (house mouse)",,-3.5,12,6.4,21160,116,60,4,6.7,3.2,14672|14674|14682|14683,Gna11|Gna13|Gnaq|Gnas,-1.5,MyList
GO Biological Processes,19,GO:0031346,positive regulation of cell projection organization,19_GO:0048518 positive regulation of biological process,-3.5,5.3,5,21160,465,60,7,12,4.1,11771|12323|13385|15461|15519|22240|234267,Ap2a1|Camk2b|Dlg4|Hras|Hsp90aa1|Dpysl3|Gpm6a,-1.4,MyList
KEGG Pathway,24,mmu04935,"Growth hormone synthesis, secretion and action - Mus musculus (house mouse)",,-3.5,12,6.4,21160,117,60,4,6.7,3.2,14672|14682|14683|15461,Gna11|Gnaq|Gnas|Hras,-1.4,MyList
GO Biological Processes,19,GO:0007420,brain development,19_GO:0032502 developmental process,-3.5,4,4.6,21160,784,60,9,15,4.6,12799|14682|18293|20168|21960|22348|68585|98660|235380,Cnp|Gnaq|Ogdh|Rtn3|Tnr|Slc32a1|Rtn4|Atp1a2|Dmxl2,-1.4,MyList
WikiPathways,27,WP157,Glycolysis and gluconeogenesis,,-3.4,22,7.7,21160,49,60,3,5,2.8,15275|18597|56421,Hk1|Pdha1|Pfkp,-1.4,MyList
GO Biological Processes,19,GO:1903115,regulation of actin filament-based movement,19_GO:0050789 regulation of biological process,-3.4,22,7.7,21160,49,60,3,5,2.8,11938|98660|109676,Atp2a2|Atp1a2|Ank2,-1.4,MyList
KEGG Pathway,24,mmu05417,Lipid and atherosclerosis - Mus musculus (house mouse),,-3.4,8.1,5.6,21160,217,60,5,8.3,3.6,12322|12323|15461|15519|15525,Camk2a|Camk2b|Hras|Hsp90aa1|Hspa4,-1.4,MyList
KEGG Pathway,24,mmu05415,Diabetic cardiomyopathy - Mus musculus (house mouse),,-3.4,8.1,5.6,21160,217,60,5,8.3,3.6,11938|12322|12323|18597|22334,Atp2a2|Camk2a|Camk2b|Pdha1|Vdac2,-1.4,MyList
KEGG Pathway,24,mmu04919,Thyroid hormone signaling pathway - Mus musculus (house mouse),,-3.4,12,6.3,21160,120,60,4,6.7,3.2,11938|15461|56421|98660,Atp2a2|Hras|Pfkp|Atp1a2,-1.4,MyList
GO Biological Processes,19,GO:0120032,regulation of plasma membrane bounded cell projection assembly,19_GO:0050789 regulation of biological process,-3.4,8.1,5.6,21160,218,60,5,8.3,3.6,14432|15461|15519|22240|234267,Gap43|Hras|Hsp90aa1|Dpysl3|Gpm6a,-1.4,MyList
GO Biological Processes,19,GO:0009141,nucleoside triphosphate metabolic process,19_GO:0009987 cellular process,-3.4,8.1,5.6,21160,218,60,5,8.3,3.6,11964|15275|18293|56421|98660,Atp6v1a|Hk1|Ogdh|Pfkp|Atp1a2,-1.4,MyList
GO Biological Processes,19,GO:0035640,exploration behavior,19_GO:0032501 multicellular organismal process,-3.4,21,7.6,21160,50,60,3,5,2.8,13385|21960|98660,Dlg4|Tnr|Atp1a2,-1.4,MyList
Reactome Gene Sets,6,R-MMU-3371497,HSP90 chaperone cycle for steroid hormone receptors (SHR) in the presence of ligand,,-3.4,21,7.6,21160,50,60,3,5,2.8,13424|15519|22152,Dync1h1|Hsp90aa1|Tubb3,-1.4,MyList
GO Biological Processes,19,GO:0120034,positive regulation of plasma membrane bounded cell projection assembly,19_GO:0048518 positive regulation of biological process,-3.4,12,6.2,21160,122,60,4,6.7,3.2,15461|15519|22240|234267,Hras|Hsp90aa1|Dpysl3|Gpm6a,-1.4,MyList
GO Biological Processes,19,GO:0009166,nucleotide catabolic process,19_GO:0009987 cellular process,-3.4,12,6.2,21160,122,60,4,6.7,3.2,12799|15275|18293|56421,Cnp|Hk1|Ogdh|Pfkp,-1.4,MyList
GO Biological Processes,19,GO:0032024,positive regulation of insulin secretion,19_GO:0051179 localization,-3.4,12,6.2,21160,122,60,4,6.7,3.2,14672|14682|14683|20614,Gna11|Gnaq|Gnas|Snap25,-1.4,MyList
Reactome Gene Sets,6,R-MMU-2262752,Cellular responses to stress,,-3.4,5.1,4.9,21160,480,60,7,12,4.1,11964|12322|12323|13424|15519|22152|108664,Atp6v1a|Camk2a|Camk2b|Dync1h1|Hsp90aa1|Tubb3|Atp6v1h,-1.4,MyList
GO Biological Processes,19,GO:0060491,regulation of cell projection assembly,19_GO:0050789 regulation of biological process,-3.4,8,5.6,21160,221,60,5,8.3,3.6,14432|15461|15519|22240|234267,Gap43|Hras|Hsp90aa1|Dpysl3|Gpm6a,-1.4,MyList
GO Biological Processes,19,GO:0072523,purine-containing compound catabolic process,19_GO:0009987 cellular process,-3.4,11,6.2,21160,123,60,4,6.7,3.2,15275|18293|56421|110446,Hk1|Ogdh|Pfkp|Acat1,-1.4,MyList
GO Biological Processes,19,GO:0016052,carbohydrate catabolic process,19_GO:0009987 cellular process,-3.4,11,6.2,21160,124,60,4,6.7,3.2,15275|18293|56421|110078,Hk1|Ogdh|Pfkp|Pygb,-1.4,MyList
KEGG Pathway,24,mmu04024,cAMP signaling pathway - Mus musculus (house mouse),,-3.4,7.9,5.5,21160,224,60,5,8.3,3.6,11938|12322|12323|14683|98660,Atp2a2|Camk2a|Camk2b|Gnas|Atp1a2,-1.4,MyList
GO Biological Processes,19,GO:0071869,response to catecholamine,19_GO:0050896 response to stimulus,-3.4,20,7.4,21160,52,60,3,5,2.8,14672|14682|14683,Gna11|Gnaq|Gnas,-1.4,MyList
GO Biological Processes,19,GO:0090150,establishment of protein localization to membrane,19_GO:0051179 localization,-3.4,7.8,5.5,21160,225,60,5,8.3,3.6,12322|15519|15525|18195|19349,Camk2a|Hsp90aa1|Hspa4|Nsf|Rab7,-1.4,MyList
GO Biological Processes,19,GO:0021700,developmental maturation,19_GO:0032502 developmental process,-3.3,6.1,5.1,21160,349,60,6,10,3.9,11964|13385|14682|20910|72961|108664,Atp6v1a|Dlg4|Gnaq|Stxbp1|Slc17a7|Atp6v1h,-1.4,MyList
GO Biological Processes,19,GO:0071867,response to monoamine,19_GO:0050896 response to stimulus,-3.3,20,7.4,21160,53,60,3,5,2.8,14672|14682|14683,Gna11|Gnaq|Gnas,-1.4,MyList
GO Biological Processes,19,GO:0006096,glycolytic process,19_GO:0009987 cellular process,-3.3,20,7.3,21160,54,60,3,5,2.8,15275|18293|56421,Hk1|Ogdh|Pfkp,-1.3,MyList
GO Biological Processes,19,GO:0008306,associative learning,19_GO:0032501 multicellular organismal process,-3.3,11,6,21160,130,60,4,6.7,3.2,17754|20614|21960|98660,Map1a|Snap25|Tnr|Atp1a2,-1.3,MyList
KEGG Pathway,24,mmu04750,Inflammatory mediator regulation of TRP channels - Mus musculus (house mouse),,-3.3,11,6,21160,130,60,4,6.7,3.2,12322|12323|14682|14683,Camk2a|Camk2b|Gnaq|Gnas,-1.3,MyList
GO Biological Processes,19,GO:0050796,regulation of insulin secretion,19_GO:0051179 localization,-3.3,7.5,5.4,21160,234,60,5,8.3,3.6,14672|14682|14683|14687|20614,Gna11|Gnaq|Gnas|Gnaz|Snap25,-1.3,MyList
GO Biological Processes,19,GO:0030001,metal ion transport,19_GO:0051179 localization,-3.3,4.3,4.5,21160,662,60,8,13,4.4,11938|12322|12323|18195|20614|72961|98660|234267,Atp2a2|Camk2a|Camk2b|Nsf|Snap25|Slc17a7|Atp1a2|Gpm6a,-1.3,MyList
GO Biological Processes,19,GO:0008217,regulation of blood pressure,19_GO:0032501 multicellular organismal process,-3.3,7.5,5.3,21160,236,60,5,8.3,3.6,14672|14674|14682|14683|98660,Gna11|Gna13|Gnaq|Gnas|Atp1a2,-1.3,MyList
GO Biological Processes,19,GO:0051588,regulation of neurotransmitter transport,19_GO:0051179 localization,-3.3,11,5.9,21160,133,60,4,6.7,3.2,11938|12322|14251|20910,Atp2a2|Camk2a|Flot1|Stxbp1,-1.3,MyList
GO Biological Processes,19,GO:0001508,action potential,19_GO:0065007 biological regulation,-3.3,11,5.9,21160,133,60,4,6.7,3.2,14672|14682|98660|109676,Gna11|Gnaq|Atp1a2|Ank2,-1.3,MyList
KEGG Pathway,24,mmu04915,Estrogen signaling pathway - Mus musculus (house mouse),,-3.2,11,5.9,21160,134,60,4,6.7,3.2,14682|14683|15461|15519,Gnaq|Gnas|Hras|Hsp90aa1,-1.3,MyList
GO Biological Processes,19,GO:0031647,regulation of protein stability,19_GO:0065007 biological regulation,-3.2,5.8,4.9,21160,365,60,6,10,3.9,14251|14682|15519|20910|68585|109676,Flot1|Gnaq|Hsp90aa1|Stxbp1|Rtn4|Ank2,-1.3,MyList
GO Biological Processes,19,GO:0072521,purine-containing compound metabolic process,19_GO:0009987 cellular process,-3.2,4.8,4.7,21160,510,60,7,12,4.1,11964|15275|18293|18597|56421|98660|110446,Atp6v1a|Hk1|Ogdh|Pdha1|Pfkp|Atp1a2|Acat1,-1.3,MyList
GO Biological Processes,19,GO:0048488,synaptic vesicle endocytosis,19_GO:0051179 localization,-3.2,18,7,21160,58,60,3,5,2.8,11771|11772|104015,Ap2a1|Ap2a2|Synj1,-1.3,MyList
GO Biological Processes,19,GO:0046032,ADP catabolic process,19_GO:0009987 cellular process,-3.2,18,7,21160,58,60,3,5,2.8,15275|18293|56421,Hk1|Ogdh|Pfkp,-1.3,MyList
KEGG Pathway,24,mmu04728,Dopaminergic synapse - Mus musculus (house mouse),,-3.2,10,5.8,21160,136,60,4,6.7,3.2,12322|12323|14682|14683,Camk2a|Camk2b|Gnaq|Gnas,-1.3,MyList
GO Biological Processes,19,GO:0046902,regulation of mitochondrial membrane permeability,19_GO:0051179 localization,-3.2,18,6.9,21160,59,60,3,5,2.8,12322|12799|22334,Camk2a|Cnp|Vdac2,-1.3,MyList
Reactome Gene Sets,6,R-MMU-187037,Signaling by NTRK1 (TRKA),,-3.2,18,6.9,21160,59,60,3,5,2.8,11771|11772|15461,Ap2a1|Ap2a2|Hras,-1.3,MyList
Reactome Gene Sets,6,R-MMU-422356,Regulation of insulin secretion,,-3.2,18,6.9,21160,59,60,3,5,2.8,14672|14682|14683,Gna11|Gnaq|Gnas,-1.3,MyList
GO Biological Processes,19,GO:0099173,postsynapse organization,19_GO:0009987 cellular process,-3.2,10,5.8,21160,138,60,4,6.7,3.2,13385|18163|50997|235072,Dlg4|Ctnnd2|Mpp2|Septin7,-1.3,MyList
GO Biological Processes,19,GO:0051489,regulation of filopodium assembly,19_GO:0050789 regulation of biological process,-3.2,18,6.9,21160,60,60,3,5,2.8,14432|22240|234267,Gap43|Dpysl3|Gpm6a,-1.2,MyList
GO Biological Processes,19,GO:0019674,NAD metabolic process,19_GO:0009987 cellular process,-3.2,18,6.9,21160,60,60,3,5,2.8,15275|18293|56421,Hk1|Ogdh|Pfkp,-1.2,MyList
GO Biological Processes,19,GO:1904951,positive regulation of establishment of protein localization,19_GO:0051179 localization,-3.2,5.6,4.8,21160,375,60,6,10,3.9,14672|14682|14683|15461|15519|20614,Gna11|Gnaq|Gnas|Hras|Hsp90aa1|Snap25,-1.2,MyList
KEGG Pathway,24,mmu04910,Insulin signaling pathway - Mus musculus (house mouse),,-3.2,10,5.7,21160,140,60,4,6.7,3.2,14251|15275|15461|110078,Flot1|Hk1|Hras|Pygb,-1.2,MyList
GO Biological Processes,19,GO:0007188,adenylate cyclase-modulating G protein-coupled receptor signaling pathway,19_GO:0050896 response to stimulus,-3.2,7.1,5.2,21160,247,60,5,8.3,3.6,14672|14674|14682|14683|14687,Gna11|Gna13|Gnaq|Gnas|Gnaz,-1.2,MyList
GO Biological Processes,19,GO:0009137,purine nucleoside diphosphate catabolic process,19_GO:0009987 cellular process,-3.1,17,6.8,21160,62,60,3,5,2.8,15275|18293|56421,Hk1|Ogdh|Pfkp,-1.2,MyList
GO Biological Processes,19,GO:0009181,purine ribonucleoside diphosphate catabolic process,19_GO:0009987 cellular process,-3.1,17,6.8,21160,62,60,3,5,2.8,15275|18293|56421,Hk1|Ogdh|Pfkp,-1.2,MyList
GO Biological Processes,19,GO:0019364,pyridine nucleotide catabolic process,19_GO:0009987 cellular process,-3.1,17,6.8,21160,62,60,3,5,2.8,15275|18293|56421,Hk1|Ogdh|Pfkp,-1.2,MyList
KEGG Pathway,24,mmu05132,Salmonella infection - Mus musculus (house mouse),,-3.1,7,5.1,21160,252,60,5,8.3,3.6,13424|15461|15519|19349|22152,Dync1h1|Hras|Hsp90aa1|Rab7|Tubb3,-1.2,MyList
KEGG Pathway,24,mmu04270,Vascular smooth muscle contraction - Mus musculus (house mouse),,-3.1,9.8,5.6,21160,144,60,4,6.7,3.2,14672|14674|14682|14683,Gna11|Gna13|Gnaq|Gnas,-1.2,MyList
KEGG Pathway,24,mmu04929,GnRH secretion - Mus musculus (house mouse),,-3.1,17,6.7,21160,63,60,3,5,2.8,14672|14682|15461,Gna11|Gnaq|Hras,-1.2,MyList
GO Biological Processes,19,GO:0046031,ADP metabolic process,19_GO:0009987 cellular process,-3.1,17,6.7,21160,63,60,3,5,2.8,15275|18293|56421,Hk1|Ogdh|Pfkp,-1.2,MyList
GO Biological Processes,19,GO:0030168,platelet activation,19_GO:0032501 multicellular organismal process,-3.1,17,6.7,21160,63,60,3,5,2.8,14674|14683|20910,Gna13|Gnas|Stxbp1,-1.2,MyList
KEGG Pathway,24,mmu05163,Human cytomegalovirus infection - Mus musculus (house mouse),,-3.1,6.9,5.1,21160,254,60,5,8.3,3.6,14672|14674|14682|14683|15461,Gna11|Gna13|Gnaq|Gnas|Hras,-1.2,MyList
GO Biological Processes,19,GO:0140238,presynaptic endocytosis,19_GO:0051179 localization,-3.1,17,6.6,21160,64,60,3,5,2.8,11771|11772|104015,Ap2a1|Ap2a2|Synj1,-1.2,MyList
Reactome Gene Sets,6,R-MMU-9855142,Cellular responses to mechanical stimuli,,-3.1,17,6.6,21160,64,60,3,5,2.8,14672|14682|14683,Gna11|Gnaq|Gnas,-1.2,MyList
Reactome Gene Sets,6,R-MMU-9860931,Response of endothelial cells to shear stress,,-3.1,17,6.6,21160,64,60,3,5,2.8,14672|14682|14683,Gna11|Gnaq|Gnas,-1.2,MyList
GO Biological Processes,19,GO:0048260,positive regulation of receptor-mediated endocytosis,19_GO:0051179 localization,-3.1,16,6.6,21160,65,60,3,5,2.8,11771|18195|104015,Ap2a1|Nsf|Synj1,-1.2,MyList
GO Biological Processes,19,GO:0009191,ribonucleoside diphosphate catabolic process,19_GO:0009987 cellular process,-3.1,16,6.5,21160,66,60,3,5,2.8,15275|18293|56421,Hk1|Ogdh|Pfkp,-1.2,MyList
GO Biological Processes,19,GO:0072526,pyridine-containing compound catabolic process,19_GO:0009987 cellular process,-3.1,16,6.5,21160,66,60,3,5,2.8,15275|18293|56421,Hk1|Ogdh|Pfkp,-1.2,MyList
GO Biological Processes,19,GO:0050801,monoatomic ion homeostasis,19_GO:0042592 homeostatic process,-3,4.5,4.4,21160,549,60,7,12,4.1,11938|11964|12709|19349|98660|109676|235380,Atp2a2|Atp6v1a|Ckb|Rab7|Atp1a2|Ank2|Dmxl2,-1.2,MyList
GO Biological Processes,19,GO:0048678,response to axon injury,19_GO:0050896 response to stimulus,-3,16,6.5,21160,67,60,3,5,2.8,14432|21960|22240,Gap43|Tnr|Dpysl3,-1.2,MyList
KEGG Pathway,24,mmu00010,Glycolysis / Gluconeogenesis - Mus musculus (house mouse),,-3,16,6.5,21160,67,60,3,5,2.8,15275|18597|56421,Hk1|Pdha1|Pfkp,-1.2,MyList
Reactome Gene Sets,6,R-MMU-397014,Muscle contraction,,-3,9.3,5.5,21160,152,60,4,6.7,3.2,11938|12322|12323|98660,Atp2a2|Camk2a|Camk2b|Atp1a2,-1.2,MyList
Reactome Gene Sets,6,R-MMU-9006934,Signaling by Receptor Tyrosine Kinases,,-3,5.3,4.6,21160,400,60,6,10,3.9,11771|11772|11964|15461|15519|108664,Ap2a1|Ap2a2|Atp6v1a|Hras|Hsp90aa1|Atp6v1h,-1.1,MyList
KEGG Pathway,24,mmu04723,Retrograde endocannabinoid signaling - Mus musculus (house mouse),,-3,9.2,5.4,21160,153,60,4,6.7,3.2,14682|22348|72961|269060,Gnaq|Slc32a1|Slc17a7|Dagla,-1.1,MyList
GO Biological Processes,19,GO:0009134,nucleoside diphosphate catabolic process,19_GO:0009987 cellular process,-3,16,6.4,21160,68,60,3,5,2.8,15275|18293|56421,Hk1|Ogdh|Pfkp,-1.1,MyList
GO Biological Processes,19,GO:0050808,synapse organization,19_GO:0009987 cellular process,-3,5.3,4.6,21160,402,60,6,10,3.9,13385|18163|21960|50997|234267|235072,Dlg4|Ctnnd2|Tnr|Mpp2|Gpm6a|Septin7,-1.1,MyList
Reactome Gene Sets,6,R-MMU-388396,GPCR downstream signalling,,-3,4.4,4.4,21160,556,60,7,12,4.1,14672|14674|14682|14683|14687|15461|269060,Gna11|Gna13|Gnaq|Gnas|Gnaz|Hras|Dagla,-1.1,MyList
KEGG Pathway,24,mmu05031,Amphetamine addiction - Mus musculus (house mouse),,-3,15,6.4,21160,69,60,3,5,2.8,12322|12323|14683,Camk2a|Camk2b|Gnas,-1.1,MyList
Reactome Gene Sets,6,R-MMU-194315,Signaling by Rho GTPases,,-3,4.4,4.3,21160,562,60,7,12,4.1,12709|13385|13424|14674|15519|19349|22152,Ckb|Dlg4|Dync1h1|Gna13|Hsp90aa1|Rab7|Tubb3,-1.1,MyList
GO Biological Processes,19,GO:0090277,positive regulation of peptide hormone secretion,19_GO:0051179 localization,-3,9,5.4,21160,157,60,4,6.7,3.2,14672|14682|14683|20614,Gna11|Gnaq|Gnas|Snap25,-1.1,MyList
GO Biological Processes,19,GO:0016079,synaptic vesicle exocytosis,19_GO:0051179 localization,-3,15,6.3,21160,70,60,3,5,2.8,20614|20910|104015,Snap25|Stxbp1|Synj1,-1.1,MyList
GO Biological Processes,19,GO:0009179,purine ribonucleoside diphosphate metabolic process,19_GO:0009987 cellular process,-3,15,6.3,21160,70,60,3,5,2.8,15275|18293|56421,Hk1|Ogdh|Pfkp,-1.1,MyList
GO Biological Processes,19,GO:0022029,telencephalon cell migration,19_GO:0032502 developmental process,-3,15,6.3,21160,70,60,3,5,2.8,18293|21960|68585,Ogdh|Tnr|Rtn4,-1.1,MyList
Reactome Gene Sets,6,R-MMU-163685,Integration of energy metabolism,,-3,15,6.3,21160,70,60,3,5,2.8,14672|14682|14683,Gna11|Gnaq|Gnas,-1.1,MyList
GO Biological Processes,19,GO:0009135,purine nucleoside diphosphate metabolic process,19_GO:0009987 cellular process,-3,15,6.3,21160,70,60,3,5,2.8,15275|18293|56421,Hk1|Ogdh|Pfkp,-1.1,MyList
WikiPathways,27,WP65,Insulin signaling,,-3,8.9,5.3,21160,159,60,4,6.7,3.2,14251|15461|20614|20910,Flot1|Hras|Snap25|Stxbp1,-1.1,MyList
Reactome Gene Sets,6,R-MMU-166520,Signaling by NTRKs,,-3,15,6.3,21160,71,60,3,5,2.8,11771|11772|15461,Ap2a1|Ap2a2|Hras,-1.1,MyList
KEGG Pathway,24,mmu04927,Cortisol synthesis and secretion - Mus musculus (house mouse),,-2.9,15,6.2,21160,72,60,3,5,2.8,14672|14682|14683,Gna11|Gnaq|Gnas,-1.1,MyList
GO Biological Processes,19,GO:0022411,cellular component disassembly,19_GO:0009987 cellular process,-2.9,6.4,4.8,21160,277,60,5,8.3,3.6,11938|14251|18195|104015|235072,Atp2a2|Flot1|Nsf|Synj1|Septin7,-1.1,MyList
GO Biological Processes,19,GO:0007009,plasma membrane organization,19_GO:0009987 cellular process,-2.9,8.8,5.3,21160,161,60,4,6.7,3.2,11938|14251|22334|109676,Atp2a2|Flot1|Vdac2|Ank2,-1.1,MyList
GO Biological Processes,19,GO:0002793,positive regulation of peptide secretion,19_GO:0051179 localization,-2.9,8.8,5.3,21160,161,60,4,6.7,3.2,14672|14682|14683|20614,Gna11|Gnaq|Gnas|Snap25,-1.1,MyList
GO Biological Processes,19,GO:0090276,regulation of peptide hormone secretion,19_GO:0051179 localization,-2.9,6.3,4.8,21160,278,60,5,8.3,3.6,14672|14682|14683|14687|20614,Gna11|Gnaq|Gnas|Gnaz|Snap25,-1.1,MyList
Reactome Gene Sets,6,R-MMU-5683057,MAPK family signaling cascades,,-2.9,6.3,4.8,21160,279,60,5,8.3,3.6,12322|12323|13385|15461|235072,Camk2a|Camk2b|Dlg4|Hras|Septin7,-1.1,MyList
GO Biological Processes,19,GO:0021885,forebrain cell migration,19_GO:0032502 developmental process,-2.9,14,6.2,21160,73,60,3,5,2.8,18293|21960|68585,Ogdh|Tnr|Rtn4,-1.1,MyList
WikiPathways,27,WP5298,Dravet syndrome Scn1a A1783V point mutation model,,-2.9,14,6.2,21160,73,60,3,5,2.8,12322|20910|72961,Camk2a|Stxbp1|Slc17a7,-1.1,MyList
Reactome Gene Sets,6,R-MMU-9663891,Selective autophagy,,-2.9,14,6.2,21160,73,60,3,5,2.8,13424|22152|22334,Dync1h1|Tubb3|Vdac2,-1.1,MyList
KEGG Pathway,24,mmu04148,Efferocytosis - Mus musculus (house mouse),,-2.9,8.7,5.2,21160,163,60,4,6.7,3.2,11938|12322|12323|19349,Atp2a2|Camk2a|Camk2b|Rab7,-1.1,MyList
Reactome Gene Sets,6,R-MMU-9716542,"Signaling by Rho GTPases, Miro GTPases and RHOBTB3",,-2.9,4.3,4.3,21160,577,60,7,12,4.1,12709|13385|13424|14674|15519|19349|22152,Ckb|Dlg4|Dync1h1|Gna13|Hsp90aa1|Rab7|Tubb3,-1.1,MyList
KEGG Pathway,24,mmu04918,Thyroid hormone synthesis - Mus musculus (house mouse),,-2.9,14,6.1,21160,74,60,3,5,2.8,14682|14683|98660,Gnaq|Gnas|Atp1a2,-1.1,MyList
GO Biological Processes,19,GO:0140029,exocytic process,19_GO:0051179 localization,-2.9,14,6.1,21160,74,60,3,5,2.8,20614|20910|104015,Snap25|Stxbp1|Synj1,-1.1,MyList
GO Biological Processes,19,GO:0072655,establishment of protein localization to mitochondrion,19_GO:0051179 localization,-2.9,14,6.1,21160,74,60,3,5,2.8,15275|15519|15525,Hk1|Hsp90aa1|Hspa4,-1.1,MyList
KEGG Pathway,24,mmu05214,Glioma - Mus musculus (house mouse),,-2.9,14,6.1,21160,74,60,3,5,2.8,12322|12323|15461,Camk2a|Camk2b|Hras,-1.1,MyList
GO Biological Processes,19,GO:0007626,locomotory behavior,19_GO:0032501 multicellular organismal process,-2.9,6.3,4.7,21160,282,60,5,8.3,3.6,12799|13385|20614|21960|98660,Cnp|Dlg4|Snap25|Tnr|Atp1a2,-1.1,MyList
GO Biological Processes,19,GO:0002791,regulation of peptide secretion,19_GO:0051179 localization,-2.9,6.2,4.7,21160,283,60,5,8.3,3.6,14672|14682|14683|14687|20614,Gna11|Gnaq|Gnas|Gnaz|Snap25,-1.1,MyList
GO Biological Processes,19,GO:0050885,neuromuscular process controlling balance,19_GO:0032501 multicellular organismal process,-2.9,14,6.1,21160,75,60,3,5,2.8,12323|13385|21960,Camk2b|Dlg4|Tnr,-1.1,MyList
GO Biological Processes,19,GO:0090087,regulation of peptide transport,19_GO:0051179 localization,-2.9,6.2,4.7,21160,285,60,5,8.3,3.6,14672|14682|14683|14687|20614,Gna11|Gnaq|Gnas|Gnaz|Snap25,-1.1,MyList
Reactome Gene Sets,6,R-MMU-372790,Signaling by GPCR,,-2.9,4.2,4.2,21160,589,60,7,12,4.1,14672|14674|14682|14683|14687|15461|269060,Gna11|Gna13|Gnaq|Gnas|Gnaz|Hras|Dagla,-1,MyList
GO Biological Processes,19,GO:0009150,purine ribonucleotide metabolic process,19_GO:0009987 cellular process,-2.9,6.1,4.7,21160,289,60,5,8.3,3.6,11964|15275|18293|56421|98660,Atp6v1a|Hk1|Ogdh|Pfkp|Atp1a2,-1,MyList
GO Biological Processes,19,GO:0090559,regulation of membrane permeability,19_GO:0065007 biological regulation,-2.9,14,6,21160,77,60,3,5,2.8,12322|12799|22334,Camk2a|Cnp|Vdac2,-1,MyList
GO Biological Processes,19,GO:0006937,regulation of muscle contraction,19_GO:0032501 multicellular organismal process,-2.9,8.3,5.1,21160,170,60,4,6.7,3.2,11938|15519|98660|109676,Atp2a2|Hsp90aa1|Atp1a2|Ank2,-1,MyList
GO Biological Processes,19,GO:0009117,nucleotide metabolic process,19_GO:0009987 cellular process,-2.9,4.9,4.4,21160,433,60,6,10,3.9,11964|12799|15275|18293|56421|98660,Atp6v1a|Cnp|Hk1|Ogdh|Pfkp|Atp1a2,-1,MyList
GO Biological Processes,19,GO:0005975,carbohydrate metabolic process,19_GO:0009987 cellular process,-2.8,4.9,4.4,21160,434,60,6,10,3.9,15275|18293|18597|56421|98660|110078,Hk1|Ogdh|Pdha1|Pfkp|Atp1a2|Pygb,-1,MyList
GO Biological Processes,19,GO:0032787,monocarboxylic acid metabolic process,19_GO:0009987 cellular process,-2.8,4.1,4.2,21160,595,60,7,12,4.1,15275|18293|18597|18823|56421|110446|269060,Hk1|Ogdh|Pdha1|Plp1|Pfkp|Acat1|Dagla,-1,MyList
GO Biological Processes,19,GO:0015980,energy derivation by oxidation of organic compounds,19_GO:0009987 cellular process,-2.8,6,4.6,21160,293,60,5,8.3,3.6,11429|14683|18293|18597|110078,Aco2|Gnas|Ogdh|Pdha1|Pygb,-1,MyList
Reactome Gene Sets,6,R-MMU-3371556,Cellular response to heat stress,,-2.8,13,5.9,21160,79,60,3,5,2.8,12322|12323|15519,Camk2a|Camk2b|Hsp90aa1,-1,MyList
GO Biological Processes,19,GO:0051129,negative regulation of cellular component organization,19_GO:0048519 negative regulation of biological process,-2.8,3.6,4,21160,778,60,8,13,4.4,13385|17754|20910|21960|22240|22334|65254|68585,Dlg4|Map1a|Stxbp1|Tnr|Dpysl3|Vdac2|Dpysl5|Rtn4,-1,MyList
GO Biological Processes,19,GO:0051650,establishment of vesicle localization,19_GO:0051179 localization,-2.8,8.1,5,21160,175,60,4,6.7,3.2,19349|20614|20910|104015,Rab7|Snap25|Stxbp1|Synj1,-1,MyList
WikiPathways,27,WP572,EGFR1 signaling pathway,,-2.8,8.1,5,21160,175,60,4,6.7,3.2,11771|12322|15461|20910,Ap2a1|Camk2a|Hras|Stxbp1,-1,MyList
GO Biological Processes,19,GO:0010959,regulation of metal ion transport,19_GO:0051179 localization,-2.8,4.8,4.3,21160,442,60,6,10,3.9,12322|14682|14683|18823|98660|109676,Camk2a|Gnaq|Gnas|Plp1|Atp1a2|Ank2,-1,MyList
GO Biological Processes,19,GO:0009185,ribonucleoside diphosphate metabolic process,19_GO:0009987 cellular process,-2.8,13,5.8,21160,82,60,3,5,2.8,15275|18293|56421,Hk1|Ogdh|Pfkp,-0.98,MyList
GO Biological Processes,19,GO:0022406,membrane docking,19_GO:0009987 cellular process,-2.8,13,5.8,21160,82,60,3,5,2.8,11938|19349|20910,Atp2a2|Rab7|Stxbp1,-0.98,MyList
GO Biological Processes,19,GO:0030003,intracellular monoatomic cation homeostasis,19_GO:0042592 homeostatic process,-2.8,4.7,4.2,21160,448,60,6,10,3.9,11938|11964|19349|98660|109676|235380,Atp2a2|Atp6v1a|Rab7|Atp1a2|Ank2|Dmxl2,-0.98,MyList
KEGG Pathway,24,mmu05152,Tuberculosis - Mus musculus (house mouse),,-2.8,7.8,4.9,21160,180,60,4,6.7,3.2,12322|12323|19349|108664,Camk2a|Camk2b|Rab7|Atp6v1h,-0.97,MyList
KEGG Pathway,24,mmu04360,Axon guidance - Mus musculus (house mouse),,-2.8,7.8,4.9,21160,181,60,4,6.7,3.2,12322|12323|15461|65254,Camk2a|Camk2b|Hras|Dpysl5,-0.96,MyList
KEGG Pathway,24,mmu04012,ErbB signaling pathway - Mus musculus (house mouse),,-2.8,13,5.7,21160,84,60,3,5,2.8,12322|12323|15461,Camk2a|Camk2b|Hras,-0.96,MyList
GO Biological Processes,19,GO:0006813,potassium ion transport,19_GO:0051179 localization,-2.8,7.8,4.9,21160,182,60,4,6.7,3.2,18195|20614|72961|98660,Nsf|Snap25|Slc17a7|Atp1a2,-0.95,MyList
GO Biological Processes,19,GO:0070585,protein localization to mitochondrion,19_GO:0051179 localization,-2.7,12,5.6,21160,85,60,3,5,2.8,15275|15519|15525,Hk1|Hsp90aa1|Hspa4,-0.95,MyList
Reactome Gene Sets,6,R-MMU-380320,Recruitment of NuMA to mitotic centrosomes,,-2.7,12,5.6,21160,85,60,3,5,2.8,13424|15519|22152,Dync1h1|Hsp90aa1|Tubb3,-0.95,MyList
GO Biological Processes,19,GO:0009259,ribonucleotide metabolic process,19_GO:0009987 cellular process,-2.7,5.7,4.4,21160,311,60,5,8.3,3.6,11964|15275|18293|56421|98660,Atp6v1a|Hk1|Ogdh|Pfkp|Atp1a2,-0.94,MyList
GO Biological Processes,19,GO:1901888,regulation of cell junction assembly,19_GO:0050789 regulation of biological process,-2.7,5.7,4.4,21160,311,60,5,8.3,3.6,13385|14251|14674|20614|68585,Dlg4|Flot1|Gna13|Snap25|Rtn4,-0.94,MyList
GO Biological Processes,19,GO:1904888,cranial skeletal system development,19_GO:0032502 developmental process,-2.7,12,5.6,21160,86,60,3,5,2.8,14672|14682|14683,Gna11|Gnaq|Gnas,-0.94,MyList
KEGG Pathway,24,mmu04970,Salivary secretion - Mus musculus (house mouse),,-2.7,12,5.6,21160,87,60,3,5,2.8,14682|14683|98660,Gnaq|Gnas|Atp1a2,-0.92,MyList
GO Biological Processes,19,GO:0009132,nucleoside diphosphate metabolic process,19_GO:0009987 cellular process,-2.7,12,5.6,21160,87,60,3,5,2.8,15275|18293|56421,Hk1|Ogdh|Pfkp,-0.92,MyList
GO Biological Processes,19,GO:0098771,inorganic ion homeostasis,19_GO:0042592 homeostatic process,-2.7,4.6,4.1,21160,465,60,6,10,3.9,11938|11964|12709|72961|98660|109676,Atp2a2|Atp6v1a|Ckb|Slc17a7|Atp1a2|Ank2,-0.91,MyList
GO Biological Processes,19,GO:0009611,response to wounding,19_GO:0050896 response to stimulus,-2.7,4.6,4.1,21160,465,60,6,10,3.9,14432|14674|14683|20910|21960|22240,Gap43|Gna13|Gnas|Stxbp1|Tnr|Dpysl3,-0.91,MyList
GO Biological Processes,19,GO:0070201,regulation of establishment of protein localization,19_GO:0051179 localization,-2.7,3.9,3.9,21160,635,60,7,12,4.1,14672|14682|14683|14687|15461|15519|20614,Gna11|Gnaq|Gnas|Gnaz|Hras|Hsp90aa1|Snap25,-0.9,MyList
GO Biological Processes,19,GO:0051222,positive regulation of protein transport,19_GO:0051179 localization,-2.7,5.5,4.4,21160,318,60,5,8.3,3.6,14672|14682|14683|15519|20614,Gna11|Gnaq|Gnas|Hsp90aa1|Snap25,-0.9,MyList
Reactome Gene Sets,6,R-MMU-1280218,Adaptive Immune System,,-2.7,3.9,3.9,21160,636,60,7,12,4.1,11771|11772|13424|15461|19349|22152|22201,Ap2a1|Ap2a2|Dync1h1|Hras|Rab7|Tubb3|Uba1,-0.9,MyList
GO Biological Processes,19,GO:0051648,vesicle localization,19_GO:0051179 localization,-2.7,7.4,4.7,21160,191,60,4,6.7,3.2,19349|20614|20910|104015,Rab7|Snap25|Stxbp1|Synj1,-0.9,MyList
GO Biological Processes,19,GO:0019693,ribose phosphate metabolic process,19_GO:0009987 cellular process,-2.7,5.5,4.3,21160,320,60,5,8.3,3.6,11964|15275|18293|56421|98660,Atp6v1a|Hk1|Ogdh|Pfkp|Atp1a2,-0.9,MyList
GO Biological Processes,19,GO:0008015,blood circulation,19_GO:0032501 multicellular organismal process,-2.7,4.5,4.1,21160,472,60,6,10,3.9,14672|14674|14682|14683|98660|109676,Gna11|Gna13|Gnaq|Gnas|Atp1a2|Ank2,-0.89,MyList
GO Biological Processes,19,GO:0042063,gliogenesis,19_GO:0032502 developmental process,-2.7,5.5,4.3,21160,322,60,5,8.3,3.6,12799|14432|15461|18823|68585,Cnp|Gap43|Hras|Plp1|Rtn4,-0.89,MyList
GO Biological Processes,19,GO:0050767,regulation of neurogenesis,19_GO:0032502 developmental process,-2.7,4.5,4.1,21160,473,60,6,10,3.9,12323|13385|21960|65254|68585|104015,Camk2b|Dlg4|Tnr|Dpysl5|Rtn4|Synj1,-0.89,MyList
Reactome Gene Sets,6,R-MMU-6807878,COPI-mediated anterograde transport,,-2.7,12,5.4,21160,91,60,3,5,2.8,13424|18195|22152,Dync1h1|Nsf|Tubb3,-0.88,MyList
GO Biological Processes,19,GO:0009154,purine ribonucleotide catabolic process,19_GO:0009987 cellular process,-2.6,12,5.4,21160,92,60,3,5,2.8,15275|18293|56421,Hk1|Ogdh|Pfkp,-0.87,MyList
GO Biological Processes,19,GO:0050714,positive regulation of protein secretion,19_GO:0051179 localization,-2.6,7.2,4.7,21160,195,60,4,6.7,3.2,14672|14682|14683|20614,Gna11|Gnaq|Gnas|Snap25,-0.87,MyList
GO Biological Processes,19,GO:0006637,acyl-CoA metabolic process,19_GO:0009987 cellular process,-2.6,11,5.3,21160,93,60,3,5,2.8,18293|18597|110446,Ogdh|Pdha1|Acat1,-0.86,MyList
GO Biological Processes,19,GO:0035383,thioester metabolic process,19_GO:0009987 cellular process,-2.6,11,5.3,21160,93,60,3,5,2.8,18293|18597|110446,Ogdh|Pdha1|Acat1,-0.86,MyList
Reactome Gene Sets,6,R-MMU-416476,G alpha (q) signalling events,,-2.6,7.2,4.6,21160,197,60,4,6.7,3.2,14672|14682|15461|269060,Gna11|Gnaq|Hras|Dagla,-0.86,MyList
GO Biological Processes,19,GO:0045807,positive regulation of endocytosis,19_GO:0051179 localization,-2.6,7.1,4.6,21160,199,60,4,6.7,3.2,11771|14251|18195|104015,Ap2a1|Flot1|Nsf|Synj1,-0.85,MyList
WikiPathways,27,WP662,Amino acid metabolism,,-2.6,11,5.2,21160,96,60,3,5,2.8,11429|18293|18597,Aco2|Ogdh|Pdha1,-0.83,MyList
GO Biological Processes,19,GO:0007269,neurotransmitter secretion,19_GO:0051179 localization,-2.6,11,5.2,21160,96,60,3,5,2.8,20614|20910|104015,Snap25|Stxbp1|Synj1,-0.83,MyList
GO Biological Processes,19,GO:0099643,signal release from synapse,19_GO:0051179 localization,-2.6,11,5.2,21160,96,60,3,5,2.8,20614|20910|104015,Snap25|Stxbp1|Synj1,-0.83,MyList
GO Biological Processes,19,GO:0046887,positive regulation of hormone secretion,19_GO:0051179 localization,-2.6,7,4.6,21160,202,60,4,6.7,3.2,14672|14682|14683|20614,Gna11|Gnaq|Gnas|Snap25,-0.83,MyList
GO Biological Processes,19,GO:0008016,regulation of heart contraction,19_GO:0032501 multicellular organismal process,-2.6,7,4.6,21160,202,60,4,6.7,3.2,11938|15519|98660|109676,Atp2a2|Hsp90aa1|Atp1a2|Ank2,-0.83,MyList
KEGG Pathway,24,mmu05205,Proteoglycans in cancer - Mus musculus (house mouse),,-2.6,6.9,4.5,21160,204,60,4,6.7,3.2,12322|12323|15461|109676,Camk2a|Camk2b|Hras|Ank2,-0.82,MyList
GO Biological Processes,19,GO:0044057,regulation of system process,19_GO:0032501 multicellular organismal process,-2.6,3.7,3.8,21160,666,60,7,12,4.1,11938|13385|14683|15519|21960|98660|109676,Atp2a2|Dlg4|Gnas|Hsp90aa1|Tnr|Atp1a2|Ank2,-0.82,MyList
GO Biological Processes,19,GO:0005996,monosaccharide metabolic process,19_GO:0009987 cellular process,-2.6,6.8,4.5,21160,206,60,4,6.7,3.2,15275|18597|56421|98660,Hk1|Pdha1|Pfkp|Atp1a2,-0.8,MyList
GO Biological Processes,19,GO:0034655,nucleobase-containing compound catabolic process,19_GO:0009987 cellular process,-2.6,5.2,4.1,21160,341,60,5,8.3,3.6,12799|15275|18293|56421|110446,Cnp|Hk1|Ogdh|Pfkp|Acat1,-0.8,MyList
GO Biological Processes,19,GO:0050708,regulation of protein secretion,19_GO:0051179 localization,-2.5,5.1,4.1,21160,343,60,5,8.3,3.6,14672|14682|14683|14687|20614,Gna11|Gnaq|Gnas|Gnaz|Snap25,-0.79,MyList
GO Biological Processes,19,GO:0048814,regulation of dendrite morphogenesis,19_GO:0032502 developmental process,-2.5,11,5.1,21160,100,60,3,5,2.8,12323|13385|65254,Camk2b|Dlg4|Dpysl5,-0.79,MyList
GO Biological Processes,19,GO:0051963,regulation of synapse assembly,19_GO:0032502 developmental process,-2.5,6.7,4.5,21160,209,60,4,6.7,3.2,13385|14674|20614|68585,Dlg4|Gna13|Snap25|Rtn4,-0.79,MyList
GO Biological Processes,19,GO:0009261,ribonucleotide catabolic process,19_GO:0009987 cellular process,-2.5,10,5.1,21160,101,60,3,5,2.8,15275|18293|56421,Hk1|Ogdh|Pfkp,-0.78,MyList
GO Biological Processes,19,GO:0060291,long-term synaptic potentiation,19_GO:0048518 positive regulation of biological process,-2.5,6.7,4.4,21160,210,60,4,6.7,3.2,12323|20614|21960|50997,Camk2b|Snap25|Tnr|Mpp2,-0.78,MyList
GO Biological Processes,19,GO:0003013,circulatory system process,19_GO:0032501 multicellular organismal process,-2.5,4.2,3.9,21160,505,60,6,10,3.9,14672|14674|14682|14683|98660|109676,Gna11|Gna13|Gnaq|Gnas|Atp1a2|Ank2,-0.78,MyList
Reactome Gene Sets,6,R-MMU-6798695,Neutrophil degranulation,,-2.5,4.2,3.9,21160,506,60,6,10,3.9,11772|13424|13629|15519|19349|110078,Ap2a2|Dync1h1|Eef2|Hsp90aa1|Rab7|Pygb,-0.77,MyList
GO Biological Processes,19,GO:0046883,regulation of hormone secretion,19_GO:0051179 localization,-2.5,5,4.1,21160,350,60,5,8.3,3.6,14672|14682|14683|14687|20614,Gna11|Gnaq|Gnas|Gnaz|Snap25,-0.76,MyList
KEGG Pathway,24,mmu05142,Chagas disease - Mus musculus (house mouse),,-2.5,10,5,21160,103,60,3,5,2.8,14672|14682|14683,Gna11|Gnaq|Gnas,-0.76,MyList
GO Biological Processes,19,GO:0006906,vesicle fusion,19_GO:0051179 localization,-2.5,10,5,21160,104,60,3,5,2.8,19349|20614|20910,Rab7|Snap25|Stxbp1,-0.75,MyList
GO Biological Processes,19,GO:0006195,purine nucleotide catabolic process,19_GO:0009987 cellular process,-2.5,10,5,21160,104,60,3,5,2.8,15275|18293|56421,Hk1|Ogdh|Pfkp,-0.75,MyList
GO Biological Processes,19,GO:0090174,organelle membrane fusion,19_GO:0009987 cellular process,-2.5,10,4.9,21160,106,60,3,5,2.8,19349|20614|20910,Rab7|Snap25|Stxbp1,-0.73,MyList
KEGG Pathway,24,mmu05165,Human papillomavirus infection - Mus musculus (house mouse),,-2.5,4.9,4,21160,359,60,5,8.3,3.6,11964|14683|15461|21960|108664,Atp6v1a|Gnas|Hras|Tnr|Atp6v1h,-0.72,MyList
GO Biological Processes,19,GO:0031345,negative regulation of cell projection organization,19_GO:0048519 negative regulation of biological process,-2.5,6.4,4.3,21160,220,60,4,6.7,3.2,21960|22240|65254|68585,Tnr|Dpysl3|Dpysl5|Rtn4,-0.72,MyList
GO Biological Processes,19,GO:0043269,regulation of monoatomic ion transport,19_GO:0051179 localization,-2.5,4.1,3.8,21160,521,60,6,10,3.9,12322|14682|14683|18823|98660|109676,Camk2a|Gnaq|Gnas|Plp1|Atp1a2|Ank2,-0.72,MyList
WikiPathways,27,WP539,Wnt signaling pathway,,-2.4,9.8,4.9,21160,108,60,3,5,2.8,12322|12323|13385,Camk2a|Camk2b|Dlg4,-0.71,MyList
GO Biological Processes,19,GO:0090407,organophosphate biosynthetic process,19_GO:0009987 cellular process,-2.4,4,3.7,21160,529,60,6,10,3.9,11964|12709|15275|18597|110446|668212,Atp6v1a|Ckb|Hk1|Pdha1|Acat1|Efr3b,-0.69,MyList
GO Biological Processes,19,GO:0017157,regulation of exocytosis,19_GO:0051179 localization,-2.4,6.3,4.2,21160,225,60,4,6.7,3.2,11938|18195|19349|20910,Atp2a2|Nsf|Rab7|Stxbp1,-0.69,MyList
Reactome Gene Sets,6,R-MMU-3858494,Beta-catenin independent WNT signaling,,-2.4,9.5,4.8,21160,111,60,3,5,2.8,11771|11772|12322,Ap2a1|Ap2a2|Camk2a,-0.69,MyList
Reactome Gene Sets,6,R-MMU-71291,Metabolism of amino acids and derivatives,,-2.4,6.2,4.2,21160,227,60,4,6.7,3.2,12709|18293|100434|110446,Ckb|Ogdh|Slc44a1|Acat1,-0.68,MyList
Reactome Gene Sets,6,R-MMU-199991,Membrane Trafficking,,-2.4,4,3.7,21160,533,60,6,10,3.9,11771|11772|13424|18195|19349|22152,Ap2a1|Ap2a2|Dync1h1|Nsf|Rab7|Tubb3,-0.68,MyList
GO Biological Processes,19,GO:0046928,regulation of neurotransmitter secretion,19_GO:0051179 localization,-2.4,9.4,4.8,21160,112,60,3,5,2.8,11938|12322|20910,Atp2a2|Camk2a|Stxbp1,-0.68,MyList
GO Biological Processes,19,GO:0055080,monoatomic cation homeostasis,19_GO:0042592 homeostatic process,-2.4,3.9,3.7,21160,536,60,6,10,3.9,11938|11964|19349|98660|109676|235380,Atp2a2|Atp6v1a|Rab7|Atp1a2|Ank2|Dmxl2,-0.67,MyList
GO Biological Processes,19,GO:1905475,regulation of protein localization to membrane,19_GO:0051179 localization,-2.4,6.1,4.2,21160,230,60,4,6.7,3.2,12322|12323|13385|15461,Camk2a|Camk2b|Dlg4|Hras,-0.66,MyList
GO Biological Processes,19,GO:0006163,purine nucleotide metabolic process,19_GO:0009987 cellular process,-2.4,4.7,3.9,21160,374,60,5,8.3,3.6,11964|15275|18293|56421|98660,Atp6v1a|Hk1|Ogdh|Pfkp|Atp1a2,-0.66,MyList
Reactome Gene Sets,6,R-MMU-1428517,Aerobic respiration and respiratory electron transport,,-2.4,6.1,4.2,21160,231,60,4,6.7,3.2,11429|18293|18597|110446,Aco2|Ogdh|Pdha1|Acat1,-0.66,MyList
GO Biological Processes,19,GO:0048640,negative regulation of developmental growth,19_GO:0040007 growth,-2.4,9.1,4.7,21160,116,60,3,5,2.8,14683|21960|68585,Gnas|Tnr|Rtn4,-0.64,MyList
GO Biological Processes,19,GO:0051223,regulation of protein transport,19_GO:0051179 localization,-2.3,3.8,3.6,21160,550,60,6,10,3.9,14672|14682|14683|14687|15519|20614,Gna11|Gnaq|Gnas|Gnaz|Hsp90aa1|Snap25,-0.62,MyList
Reactome Gene Sets,6,R-MMU-76002,"Platelet activation, signaling and aggregation",,-2.3,5.9,4.1,21160,239,60,4,6.7,3.2,14672|14674|14682|269060,Gna11|Gna13|Gnaq|Dagla,-0.61,MyList
KEGG Pathway,24,mmu04722,Neurotrophin signaling pathway - Mus musculus (house mouse),,-2.3,8.7,4.6,21160,121,60,3,5,2.8,12322|12323|15461,Camk2a|Camk2b|Hras,-0.59,MyList
GO Biological Processes,19,GO:0010720,positive regulation of cell development,19_GO:0032502 developmental process,-2.3,3.8,3.6,21160,559,60,6,10,3.9,12323|13385|14683|15519|68585|104015,Camk2b|Dlg4|Gnas|Hsp90aa1|Rtn4|Synj1,-0.59,MyList
Reactome Gene Sets,6,R-MMU-8856688,Golgi-to-ER retrograde transport,,-2.3,8.6,4.5,21160,123,60,3,5,2.8,13424|18195|22152,Dync1h1|Nsf|Tubb3,-0.58,MyList
Reactome Gene Sets,6,R-MMU-5653656,Vesicle-mediated transport,,-2.3,3.7,3.5,21160,567,60,6,10,3.9,11771|11772|13424|18195|19349|22152,Ap2a1|Ap2a2|Dync1h1|Nsf|Rab7|Tubb3,-0.57,MyList
GO Biological Processes,19,GO:0043270,positive regulation of monoatomic ion transport,19_GO:0051179 localization,-2.3,5.7,3.9,21160,249,60,4,6.7,3.2,12322|14683|18823|109676,Camk2a|Gnas|Plp1|Ank2,-0.56,MyList
GO Biological Processes,19,GO:0051640,organelle localization,19_GO:0051179 localization,-2.3,3.7,3.5,21160,571,60,6,10,3.9,11938|13424|19349|20614|20910|104015,Atp2a2|Dync1h1|Rab7|Snap25|Stxbp1|Synj1,-0.56,MyList
Reactome Gene Sets,6,R-MMU-1632852,Macroautophagy,,-2.3,8.4,4.4,21160,126,60,3,5,2.8,13424|22152|22334,Dync1h1|Tubb3|Vdac2,-0.56,MyList
Reactome Gene Sets,6,R-MMU-9612973,Autophagy,,-2.3,8.4,4.4,21160,126,60,3,5,2.8,13424|22152|22334,Dync1h1|Tubb3|Vdac2,-0.56,MyList
KEGG Pathway,24,mmu04071,Sphingolipid signaling pathway - Mus musculus (house mouse),,-2.3,8.4,4.4,21160,126,60,3,5,2.8,14674|14682|15461,Gna13|Gnaq|Hras,-0.56,MyList
KEGG Pathway,24,mmu04611,Platelet activation - Mus musculus (house mouse),,-2.3,8.4,4.4,21160,126,60,3,5,2.8,14674|14682|14683,Gna13|Gnaq|Gnas,-0.56,MyList
Reactome Gene Sets,6,R-MMU-5673001,RAF/MAP kinase cascade,,-2.3,5.6,3.9,21160,250,60,4,6.7,3.2,12322|12323|13385|15461,Camk2a|Camk2b|Dlg4|Hras,-0.56,MyList
GO Biological Processes,19,GO:0007411,axon guidance,19_GO:0032502 developmental process,-2.3,5.6,3.9,21160,250,60,4,6.7,3.2,14251|14432|22152|65254,Flot1|Gap43|Tubb3|Dpysl5,-0.56,MyList
GO Biological Processes,19,GO:0097485,neuron projection guidance,19_GO:0032502 developmental process,-2.3,5.6,3.9,21160,251,60,4,6.7,3.2,14251|14432|22152|65254,Flot1|Gap43|Tubb3|Dpysl5,-0.55,MyList
GO Biological Processes,19,GO:0060249,anatomical structure homeostasis,19_GO:0042592 homeostatic process,-2.2,5.6,3.9,21160,252,60,4,6.7,3.2,14683|17754|19349|26562,Gnas|Map1a|Rab7|Ncdn,-0.55,MyList
GO Biological Processes,19,GO:0001894,tissue homeostasis,19_GO:0042592 homeostatic process,-2.2,5.6,3.9,21160,252,60,4,6.7,3.2,14683|17754|19349|26562,Gnas|Map1a|Rab7|Ncdn,-0.55,MyList
GO Biological Processes,19,GO:0046496,nicotinamide nucleotide metabolic process,19_GO:0009987 cellular process,-2.2,8.3,4.4,21160,128,60,3,5,2.8,15275|18293|56421,Hk1|Ogdh|Pfkp,-0.55,MyList
GO Biological Processes,19,GO:0019362,pyridine nucleotide metabolic process,19_GO:0009987 cellular process,-2.2,8.3,4.4,21160,128,60,3,5,2.8,15275|18293|56421,Hk1|Ogdh|Pfkp,-0.55,MyList
GO Biological Processes,19,GO:0051960,regulation of nervous system development,19_GO:0032502 developmental process,-2.2,3.6,3.4,21160,581,60,6,10,3.9,12323|13385|21960|65254|68585|104015,Camk2b|Dlg4|Tnr|Dpysl5|Rtn4|Synj1,-0.53,MyList
Reactome Gene Sets,6,R-MMU-5684996,MAPK1/MAPK3 signaling,,-2.2,5.5,3.9,21160,256,60,4,6.7,3.2,12322|12323|13385|15461,Camk2a|Camk2b|Dlg4|Hras,-0.53,MyList
GO Biological Processes,19,GO:0010001,glial cell differentiation,19_GO:0032502 developmental process,-2.2,5.5,3.9,21160,258,60,4,6.7,3.2,12799|14432|15461|18823,Cnp|Gap43|Hras|Plp1,-0.52,MyList
Reactome Gene Sets,6,R-MMU-913531,Interferon Signaling,,-2.2,8,4.3,21160,133,60,3,5,2.8,12322|12323|22152,Camk2a|Camk2b|Tubb3,-0.5,MyList
Reactome Gene Sets,6,R-MMU-446203,Asparagine N-linked glycosylation,,-2.2,5.4,3.8,21160,261,60,4,6.7,3.2,13424|15275|18195|22152,Dync1h1|Hk1|Nsf|Tubb3,-0.5,MyList
GO Biological Processes,19,GO:0021761,limbic system development,19_GO:0032502 developmental process,-2.2,7.8,4.2,21160,135,60,3,5,2.8,18293|22348|98660,Ogdh|Slc32a1|Atp1a2,-0.49,MyList
KEGG Pathway,24,mmu04726,Serotonergic synapse - Mus musculus (house mouse),,-2.2,7.8,4.2,21160,136,60,3,5,2.8,14682|14683|15461,Gnaq|Gnas|Hras,-0.48,MyList
GO Biological Processes,19,GO:0007596,blood coagulation,19_GO:0032501 multicellular organismal process,-2.2,7.7,4.2,21160,137,60,3,5,2.8,14674|14683|20910,Gna13|Gnas|Stxbp1,-0.47,MyList
GO Biological Processes,19,GO:0050817,coagulation,19_GO:0032501 multicellular organismal process,-2.2,7.7,4.2,21160,137,60,3,5,2.8,14674|14683|20910,Gna13|Gnas|Stxbp1,-0.47,MyList
GO Biological Processes,19,GO:0072524,pyridine-containing compound metabolic process,19_GO:0009987 cellular process,-2.1,7.7,4.2,21160,138,60,3,5,2.8,15275|18293|56421,Hk1|Ogdh|Pfkp,-0.47,MyList
KEGG Pathway,24,mmu04371,Apelin signaling pathway - Mus musculus (house mouse),,-2.1,7.6,4.2,21160,139,60,3,5,2.8,14674|14682|15461,Gna13|Gnaq|Hras,-0.46,MyList
GO Biological Processes,19,GO:0098876,vesicle-mediated transport to the plasma membrane,19_GO:0051179 localization,-2.1,7.6,4.2,21160,139,60,3,5,2.8,12322|18195|19349,Camk2a|Nsf|Rab7,-0.46,MyList
KEGG Pathway,24,mmu04144,Endocytosis - Mus musculus (house mouse),,-2.1,5.2,3.7,21160,270,60,4,6.7,3.2,11771|11772|15461|19349,Ap2a1|Ap2a2|Hras|Rab7,-0.46,MyList
GO Biological Processes,19,GO:0033365,protein localization to organelle,19_GO:0051179 localization,-2.1,3.1,3.2,21160,799,60,7,12,4.1,13385|15275|15519|15525|19349|68585|109676,Dlg4|Hk1|Hsp90aa1|Hspa4|Rab7|Rtn4|Ank2,-0.46,MyList
GO Biological Processes,19,GO:0007599,hemostasis,19_GO:0065007 biological regulation,-2.1,7.6,4.2,21160,140,60,3,5,2.8,14674|14683|20910,Gna13|Gnas|Stxbp1,-0.46,MyList
GO Biological Processes,19,GO:0090257,regulation of muscle system process,19_GO:0032501 multicellular organismal process,-2.1,5.2,3.7,21160,273,60,4,6.7,3.2,11938|15519|98660|109676,Atp2a2|Hsp90aa1|Atp1a2|Ank2,-0.45,MyList
GO Biological Processes,19,GO:0051928,positive regulation of calcium ion transport,19_GO:0051179 localization,-2.1,7.5,4.1,21160,141,60,3,5,2.8,12322|18823|109676,Camk2a|Plp1|Ank2,-0.45,MyList
KEGG Pathway,24,mmu05017,Spinocerebellar ataxia - Mus musculus (house mouse),,-2.1,7.5,4.1,21160,141,60,3,5,2.8,11938|14682|22334,Atp2a2|Gnaq|Vdac2,-0.45,MyList
GO Biological Processes,19,GO:0006816,calcium ion transport,19_GO:0051179 localization,-2.1,5.1,3.7,21160,274,60,4,6.7,3.2,11938|12322|12323|234267,Atp2a2|Camk2a|Camk2b|Gpm6a,-0.45,MyList
GO Biological Processes,19,GO:0048284,organelle fusion,19_GO:0009987 cellular process,-2.1,7.5,4.1,21160,142,60,3,5,2.8,19349|20614|20910,Rab7|Snap25|Stxbp1,-0.44,MyList
GO Biological Processes,19,GO:0007005,mitochondrion organization,19_GO:0009987 cellular process,-2.1,4.1,3.4,21160,434,60,5,8.3,3.6,12322|12799|15519|15525|22334,Camk2a|Cnp|Hsp90aa1|Hspa4|Vdac2,-0.44,MyList
GO Biological Processes,19,GO:1903522,regulation of blood circulation,19_GO:0032501 multicellular organismal process,-2.1,5.1,3.7,21160,277,60,4,6.7,3.2,11938|15519|98660|109676,Atp2a2|Hsp90aa1|Atp1a2|Ank2,-0.43,MyList
GO Biological Processes,19,GO:0051656,establishment of organelle localization,19_GO:0051179 localization,-2.1,4,3.4,21160,437,60,5,8.3,3.6,13424|19349|20614|20910|104015,Dync1h1|Rab7|Snap25|Stxbp1|Synj1,-0.43,MyList
GO Biological Processes,19,GO:0034330,cell junction organization,19_GO:0009987 cellular process,-2.1,3.4,3.3,21160,618,60,6,10,3.9,13385|18163|21960|50997|234267|235072,Dlg4|Ctnnd2|Tnr|Mpp2|Gpm6a|Septin7,-0.43,MyList
Reactome Gene Sets,6,R-MMU-199977,ER to Golgi Anterograde Transport,,-2.1,7.3,4.1,21160,145,60,3,5,2.8,13424|18195|22152,Dync1h1|Nsf|Tubb3,-0.43,MyList
GO Biological Processes,19,GO:0006006,glucose metabolic process,19_GO:0009987 cellular process,-2.1,7.2,4,21160,146,60,3,5,2.8,15275|18597|56421,Hk1|Pdha1|Pfkp,-0.42,MyList
GO Biological Processes,19,GO:0050773,regulation of dendrite development,19_GO:0032502 developmental process,-2.1,7.2,4,21160,146,60,3,5,2.8,12323|13385|65254,Camk2b|Dlg4|Dpysl5,-0.42,MyList
GO Biological Processes,19,GO:1901293,nucleoside phosphate biosynthetic process,19_GO:0009987 cellular process,-2.1,5,3.6,21160,282,60,4,6.7,3.2,11964|15275|18597|110446,Atp6v1a|Hk1|Pdha1|Acat1,-0.41,MyList
GO Biological Processes,19,GO:0032984,protein-containing complex disassembly,19_GO:0009987 cellular process,-2.1,7.2,4,21160,147,60,3,5,2.8,11938|18195|104015,Atp2a2|Nsf|Synj1,-0.41,MyList
GO Biological Processes,19,GO:0022604,regulation of cell morphogenesis,19_GO:0032502 developmental process,-2.1,5,3.6,21160,283,60,4,6.7,3.2,12323|13385|14674|235072,Camk2b|Dlg4|Gna13|Septin7,-0.41,MyList
GO Biological Processes,19,GO:0051402,neuron apoptotic process,19_GO:0009987 cellular process,-2.1,7.1,4,21160,148,60,3,5,2.8,15461|15525|20910,Hras|Hspa4|Stxbp1,-0.41,MyList
GO Biological Processes,19,GO:0051924,regulation of calcium ion transport,19_GO:0051179 localization,-2.1,4.9,3.6,21160,285,60,4,6.7,3.2,12322|18823|98660|109676,Camk2a|Plp1|Atp1a2|Ank2,-0.4,MyList
KEGG Pathway,24,mmu04072,Phospholipase D signaling pathway - Mus musculus (house mouse),,-2.1,7.1,4,21160,149,60,3,5,2.8,14674|14683|15461,Gna13|Gnas|Hras,-0.4,MyList
GO Biological Processes,19,GO:0008037,cell recognition,19_GO:0009987 cellular process,-2,7,4,21160,151,60,3,5,2.8,14432|22334|68585,Gap43|Vdac2|Rtn4,-0.39,MyList
GO Biological Processes,19,GO:0045055,regulated exocytosis,19_GO:0051179 localization,-2,6.9,3.9,21160,153,60,3,5,2.8,20614|20910|104015,Snap25|Stxbp1|Synj1,-0.37,MyList
GO Biological Processes,19,GO:0061025,membrane fusion,19_GO:0009987 cellular process,-2,6.8,3.9,21160,155,60,3,5,2.8,19349|20614|20910,Rab7|Snap25|Stxbp1,-0.36,MyList
